season,game_id,team,X1PP,X2PP,X3PP,AST,OREB,TO,MOV
2017,c7b26b9d-92dd-44cb-965f-711b0a334ee2,UTA,0.576923077,0.651162791,0.387096774,24,7,15,10
2017,cbb58bbd-fa19-4e86-87a5-a3f26b39c56b,NO,0.833333333,0.516129032,0.3,23,2,15,-19
2017,9f620e69-20fe-4891-afdb-5fb6f9c11935,IND,0.677419355,0.613636364,0.384615385,20,8,14,4
2019,99d3ede2-465e-41db-aa18-187e3fb7585b,POR,0.653846154,0.64,0.256410256,22,10,11,-12
2017,48c36b46-0d71-41c1-8cae-45fd53b8a514,UTA,0.764705882,0.5625,0.272727273,11,9,13,-15
2019,2cc16b44-0f7c-4b8d-a5d3-1c5952218ade,CLE,0.739130435,0.418181818,0.459459459,26,16,14,7
2018,d9ecba00-e69b-48c4-a0f4-4a251fee8fce,ATL,0.588235294,0.526315789,0.360655738,36,15,9,1
2019,ca3664ab-4861-478d-adab-66f26bb8d998,MIA,0.590909091,0.490196078,0.357142857,25,9,13,-13
2019,02d05fac-b2f2-43bb-9b96-78d1112388e6,DET,0.84,0.487804878,0.368421053,23,9,13,15
2017,6b2bb665-b1f3-4fcd-8c12-d1a7378e81ec,BOS,0.6,0.50877193,0.423076923,27,5,9,30
2019,192bed1c-9312-45b3-84a2-3874a9bf92f0,DEN,0.739130435,0.621212121,0.25,31,10,20,13
2018,d70401b2-9ff2-44d4-b13c-d794d2091340,WAS,0.818181818,0.530612245,0.378378378,29,7,17,6
2017,b9727f86-2f81-4cb6-8d7d-afc1bba8de34,GS,0.777777778,0.642857143,0.5,35,4,16,15
2017,323d4635-46fe-4b31-86fb-ed074590234c,SA,0.695652174,0.5,0.25,19,18,20,4
2018,cd540d35-ef4c-4cdc-8fef-2a34a0a18b08,WAS,0.777777778,0.465517241,0.358974359,28,13,15,-6
2019,d7f6507a-b572-42a6-ba75-f95bf8b5fb2a,LAC,0.9,0.6,0.461538462,35,11,10,29
2018,3ff3e65c-145a-45e6-a4a8-b0bb6e638a10,OKC,0.666666667,0.38,0.407407407,31,15,15,-10
2019,6f22149b-e103-49b3-9786-19a6eb06b327,CHI,0.714285714,0.534883721,0.260869565,30,9,14,-1
2019,71a6a781-4de3-4f4d-bb95-226587855d89,DEN,0.7,0.617021277,0.5,38,7,16,15
2017,123e4049-123f-4347-90a6-6f8563bbde5a,MIN,0.85,0.593220339,0.368421053,27,4,13,19
2018,ac6a8eea-a39c-4ab0-b4d2-8b50ee4c9869,GS,0.772727273,0.555555556,0.382352941,31,12,16,17
2018,e32f7780-c809-48f0-82d8-8a2d3b31803e,SA,0.714285714,0.537313433,0.296296296,24,15,11,-7
2017,9789547e-8dc6-4c29-afbc-8c874c91da96,DET,0.608695652,0.442307692,0.444444444,30,9,17,-7
2019,7429b5f2-ecd6-4ae6-aa57-f8a552df23b4,HOU,0.894736842,0.621621622,0.384615385,25,4,7,15
2017,49ba73a4-c9ad-4ca2-a10e-96bd457d8a9e,SA,0.789473684,0.535714286,0.535714286,33,11,13,13
2017,ca8621de-193d-4c1d-9946-4a2a38d5ba7d,ATL,0.705882353,0.410958904,0.333333333,19,12,16,-15
2018,2090de8e-809a-49e5-94f4-3062b13565c0,BKN,0.774193548,0.461538462,0.315789474,23,13,14,-4
2019,b97d3fd2-041b-48b4-9084-aa0a4db29c15,UTA,0.7,0.515151515,0.25,15,11,11,5
2018,d41dc8bd-4978-426c-987b-2b93d08db510,BOS,0.764705882,0.719298246,0.382352941,36,5,14,5
2019,9009424e-60e8-465a-b8f4-4a13a46fb73c,DEN,0.6,0.568627451,0.321428571,28,3,11,14
2019,83f35873-5ac8-4f09-88bd-056b3dd30f4e,NO,0.733333333,0.526315789,0.365853659,30,12,14,-7
2018,48dad788-7064-43d2-9381-870304d52067,MEM,0.857142857,0.425925926,0.431818182,32,10,7,-2
2017,e3595aef-2626-4a90-aefd-0a79b2f1bcdd,UTA,0.861111111,0.344262295,0.448275862,16,10,14,9
2017,9c081b15-f11d-4645-95f6-79ea0cefb30a,GS,0.928571429,0.419354839,0.333333333,14,16,16,-3
2018,1b1a8944-c74b-4e05-8395-8dc55612da53,PHI,0.862745098,0.475,0.310344828,21,3,17,10
2017,2d308ce2-a4be-437a-a8e5-1bc8ea16ab7f,MLW,0.852941176,0.509090909,0.333333333,20,7,10,7
2019,f701c337-8c15-4d1c-a226-976afe76775d,TOR,0.884615385,0.42,0.411764706,24,7,14,15
2019,5595f08a-60e0-4c61-841c-feb614c5accc,CHI,0.608695652,0.515625,0.448275862,25,11,15,-6
2018,a736b182-9276-4ed3-a540-f4b28ac32b40,PHI,0.888888889,0.582089552,0.291666667,28,10,10,9
2017,5c45ed6d-e902-446e-bb24-2b2b445a2f77,NY,0.88,0.606557377,0.307692308,24,9,12,13
2019,002c1071-5e6a-4f49-b8ce-fea9594d4731,UTA,0.769230769,0.353846154,0.387096774,20,12,14,-10
2017,ee709165-434a-4931-bc6b-fceaaebb28cc,IND,0.68,0.642857143,0.375,32,3,12,15
2018,807451b8-a258-4419-978c-ea6e7c87e945,POR,0.827586207,0.524590164,0.321428571,22,17,16,7
2017,59cd7fb7-686d-427b-a0ff-c87676d86cfc,ORL,0.869565217,0.490566038,0.529411765,31,9,17,9
2018,66e040fa-5a27-4c50-b320-cfad620a5036,NY,0.80952381,0.397058824,0.275862069,17,15,14,-14
2017,b222c737-ff7e-4241-a9f6-550e11178bde,CHA,0.5,0.568965517,0.384615385,16,4,11,-4
2019,fbbba54d-f5b6-4888-9120-5dce17ceb3c7,PHI,0.787878788,0.5,0.425,27,9,17,-4
2019,d553aaea-7063-429c-8976-959351d396bd,WAS,0.791666667,0.453125,0.333333333,17,9,15,-9
2019,1d99e30a-b69a-407b-90b0-d44b7cb9c1b9,SA,0.8,0.492063492,0.4,23,9,13,-10
2017,a72b6af5-25fd-463c-b7eb-7153af8f7cb6,BOS,0.789473684,0.589285714,0.454545455,25,8,14,11
2018,2bf5fc26-fbdd-4689-a53c-b09d58f2c10b,NO,0.708333333,0.513157895,0.178571429,29,14,13,-1
2017,0f76570a-4c41-4fd5-b36f-68cf98b33cdf,CLE,0.6,0.5,0.235294118,21,9,16,-18
2018,98a41259-c73f-472f-8abc-882d5dac81fb,UTA,0.714285714,0.545454545,0.5,29,7,17,27
2019,e31e6366-ee55-467c-8ef8-b2dac9a678f9,PHO,0.870967742,0.666666667,0.441860465,30,8,14,9
2017,d8fa3e5e-b0f6-4c86-8ec3-21902238b3c9,WAS,0.857142857,0.431034483,0.34375,25,18,16,-8
2018,b493af49-c1f2-4cb9-8a51-49e33378c865,MEM,0.697674419,0.563636364,0.5,32,7,16,14
2017,d6d6de64-382e-413a-b8e1-f7b4f23331e1,NO,0.928571429,0.557142857,0.166666667,28,11,16,-4
2018,7cdf11e6-6609-45c6-8f17-5c0b2c987439,ATL,0.68,0.619047619,0.366666667,33,9,20,-7
2018,5f79abb6-449d-4c26-aca7-f8ade8511cca,ATL,0.736842105,0.603773585,0.424242424,26,10,18,-9
2019,8f00b141-8052-42d2-b1d8-e4a43ba58e58,PHO,0.766666667,0.619047619,0.285714286,26,10,8,-14
2018,44d8d4f3-7827-4b20-aa53-46992392cd55,WAS,0.692307692,0.596153846,0.325,30,12,18,24
2019,4f035b9a-3e5c-422d-b73b-d23583984c70,OKC,0.814814815,0.489361702,0.380952381,20,14,16,1
2017,1c8e42d7-ad00-49a9-9929-42b29c271b36,POR,0.888888889,0.484375,0.409090909,22,10,12,3
2019,0edc333f-c70f-4237-8c66-cae3fb45eca5,WAS,0.791666667,0.649122807,0.34375,28,9,17,12
2018,750f2276-5778-4c1e-ad87-6480880c8053,DEN,0.869565217,0.725490196,0.451612903,37,10,8,14
2018,0adbdd66-a903-4bc9-94d0-c8cf4d9d587a,ORL,0.787878788,0.5,0.243243243,21,10,14,10
2018,e0db7d91-b806-4ac4-97db-10e6e411a997,OKC,0.730769231,0.563636364,0.4,22,10,16,-2
2019,d0af24ac-7132-4a1c-b6bd-96fc7b056b95,BKN,0.705882353,0.479166667,0.166666667,15,13,13,-39
2019,edf19c27-72ee-47af-b0e0-4efc54e719d8,POR,0.785714286,0.485294118,0.333333333,19,16,17,11
2019,05847c6b-9ad0-49a4-aa2b-910a3ea66984,POR,0.947368421,0.45,0.342857143,17,7,11,-8
2017,f9ebf064-e1a2-4f47-b294-3a9bbbacde06,DET,0.681818182,0.490909091,0.541666667,28,8,14,9
2018,daeb4e3a-6dfd-4679-bd2f-a95496d2ddf9,LAC,0.857142857,0.53968254,0.466666667,28,7,10,19
2017,0b780ec7-87b7-485d-a112-4fa2841e608a,BOS,0.571428571,0.545454545,0.484848485,27,5,17,-10
2017,1fda0f27-ded2-49ef-b23b-485175fe442a,BKN,0.933333333,0.575,0.428571429,32,6,17,9
2017,ef022e4b-4dac-4629-bbe2-e2c7ff3cdcf7,OKC,0.666666667,0.454545455,0.314285714,22,10,13,-7
2017,e4eb0411-6834-4118-9fe1-c4d4ff64161b,MIN,0.807692308,0.491525424,0.318181818,17,10,15,3
2017,2997e47d-dc07-4767-ae23-1be8939cef54,PHO,0.636363636,0.483333333,0.352941176,18,6,14,3
2017,3c93c845-1370-489e-9b89-6187bf5989b8,NY,0.666666667,0.484848485,0.217391304,20,11,17,-14
2017,e7c1e4fe-ca62-4d26-b1e1-4775cfde75b8,GS,0.863636364,0.607843137,0.461538462,32,6,17,5
2017,8a93418f-ed05-4389-a70f-be0015cbc77b,NY,0.913043478,0.56,0.40625,27,11,22,6
2017,0ff82bd4-9ab7-4cad-b310-a0ce05c0dc18,CLE,0.882352941,0.561403509,0.454545455,30,8,12,9
2019,e4504421-4a16-41f6-973b-c5b93de97bd7,PHO,0.761904762,0.636363636,0.411764706,34,7,5,26
2018,a06e2d72-e3f7-42d4-9f55-8190cc8639f4,HOU,0.866666667,0.633333333,0.383333333,28,9,9,16
2017,9530fb98-19d8-43ac-add0-bd1b1773c800,DEN,0.75,0.543859649,0.3125,31,13,16,3
2018,29785d9e-eb06-49ea-b1bf-087bf04de7a7,MIA,0.705882353,0.471698113,0.333333333,20,13,18,-10
2019,15d40890-ed51-420f-b869-91fe05e0b74a,MIA,0.888888889,0.430769231,0.36,16,13,14,3
2017,0ec2b670-6e6c-4b8a-9f5d-4304a2b1f7b2,PHI,0.805555556,0.509433962,0.25,27,9,15,13
2017,98dc519f-20cb-4c6e-a294-775569d01ca7,MLW,0.736842105,0.527272727,0.321428571,21,6,13,-11
2018,8447e726-474f-4f12-936e-b323e051a067,OKC,0.714285714,0.5,0.296296296,28,8,12,-4
2018,865d5d1a-dac5-43bd-9103-1e04da4ce617,CHI,0.695652174,0.543859649,0.48,25,5,20,2
2017,68682f7e-b503-4b27-88ca-1033ca2155b1,MIN,0.761904762,0.476923077,0.4375,21,15,11,6
2018,31e12e79-9ad5-4a5a-ab50-2b0f84d101e8,MIN,0.875,0.5,0.333333333,25,18,9,5
2017,91ab5fb7-c797-4ac8-b9ca-f5d0d1f41c9a,ORL,0.571428571,0.459016393,0.333333333,24,7,12,-11
2018,75f724c2-9c0b-401b-9f56-4a8494bc1e39,PHO,0.555555556,0.566037736,0.205882353,23,5,13,-27
2018,71b6f73f-fc86-4d93-b0f0-a082f1452b3d,OKC,0.772727273,0.523076923,0.36,17,9,13,-2
2018,630db0b6-909e-4b2d-90f6-f2fcc73b9a62,GS,0.6875,0.6,0.289473684,30,9,15,-9
2019,0349a89e-b2c0-4401-84ea-8be6f1725992,LAK,0.727272727,0.537037037,0.344827586,18,18,19,-24
2018,84710f71-39db-40c5-aed8-0b8247827ff4,BOS,0.857142857,0.517241379,0.387096774,28,6,13,-8
2017,97de3840-6ca4-4e70-b07f-553b12a9c232,UTA,0.882352941,0.596153846,0.21875,23,6,14,-10
2018,70fba0b5-9629-443e-bb24-158e7c006151,BKN,0.875,0.555555556,0.4,22,12,22,2
2018,dc2931e7-2503-405a-9b95-cf201083a6b0,CLE,0.928571429,0.472727273,0.322580645,24,9,16,-7
2018,5773adbc-5733-40f4-bdc9-988ed1b082dd,DAL,0.846153846,0.472222222,0.347826087,20,17,16,4
2019,d721a594-6985-4f51-9abe-2adca1f5dbca,ATL,0.806451613,0.461538462,0.451612903,27,9,13,-8
2019,7244eb7f-45ff-4b72-8c7d-c3ec166e6e12,ATL,0.85,0.516129032,0.451612903,25,12,15,13
2018,c295e1f1-5393-41a8-892e-8fc307eedc65,BKN,0.785714286,0.577777778,0.315789474,22,5,12,14
2018,af714a85-a62a-4a40-84c3-3ff80c1455ec,SAC,0.8125,0.575,0.347826087,28,15,10,27
2019,b1f4ae22-45b9-4c72-b87b-f5d869be6568,LAK,0.857142857,0.52173913,0.472222222,27,6,17,30
2019,e0a300df-d9dc-4c39-910e-3c6d24bd219e,CHI,0.625,0.365079365,0.386363636,26,14,10,-21
2017,daa8f647-2f2e-43d8-a1ab-1052976f25c4,LAK,0.782608696,0.534482759,0.333333333,25,8,16,5
2018,d5458c86-efcf-4bb0-93ae-f9d77048f2ca,POR,0.875,0.534482759,0.25,15,17,16,30
2018,0baa0ff7-e54d-4cab-a693-1149336d968d,LAC,0.612903226,0.535714286,0.307692308,27,9,16,-32
2018,77b4f7f0-a3af-4c75-8745-d4598000012f,SA,0.941176471,0.625,0.391304348,28,4,6,27
2017,e77d9d88-1802-479d-b37c-a29ca97a180c,SA,0.8,0.555555556,0.212121212,19,10,10,-13
2017,942634dc-9b3e-47b5-8753-dc28b75e53c6,BOS,0.774193548,0.449275362,0.24137931,20,16,13,11
2019,558594ac-b667-4050-9677-286a33b5a0c6,NO,0.666666667,0.509433962,0.268292683,20,9,11,-21
2017,a7d50cfd-3b96-4a6c-9457-56bbf8ab1a59,LAC,0.833333333,0.464285714,0.222222222,18,14,12,5
2019,9a75659f-81e2-4a0d-a78c-1dc81a5b5849,BOS,0.931034483,0.55,0.323529412,21,3,14,2
2017,67ec0021-e985-4dca-869f-fb6a4da50313,TOR,0.739130435,0.469387755,0.35483871,24,12,20,5
2018,f93f6dd7-98f4-49c9-9ee5-a9c71ed43244,HOU,0.878787879,0.688888889,0.217391304,17,12,12,2
2018,4b5a9c7d-8855-4704-8696-630ff572faa6,UTA,0.692307692,0.576923077,0.351351351,31,8,11,15
2017,e4855585-7a31-44c4-9024-fccb4a2264e4,DAL,0.769230769,0.454545455,0.457142857,24,15,15,26
2017,78d15c03-8ceb-4a16-b682-d974e9652b73,NY,1,0.432432432,0.428571429,30,13,8,-13
2017,ab11dde5-87c2-4107-8620-48562b8dc288,DET,0.8125,0.604166667,0.352941176,26,10,10,24
2019,555ac972-4ae3-4651-8f8c-d59262c8d180,NY,0.7,0.561643836,0.185185185,26,14,13,-12
2019,e3003023-a1d5-4867-a49e-8861dafcbeb2,POR,0.689655172,0.421875,0.387096774,18,15,12,8
2019,530d56e3-57e2-409b-8fe0-aef1bb9ea710,MIN,0.714285714,0.543859649,0.40625,25,15,14,14
2018,b3a37f60-a989-4343-b00d-86d8b714f434,POR,0.833333333,0.58,0.303030303,23,14,19,8
2019,a265f4d9-4c31-4553-88fb-9c6ccff0e19c,IND,0.76,0.543859649,0.333333333,25,6,12,-14
2019,195921ba-503d-4c8a-954e-7160fd44de2b,PHI,0.727272727,0.46875,0.275862069,19,15,9,7
2018,e2ddbcba-708b-4c1b-8130-dfb7fc0907f4,CLE,0.787878788,0.483870968,0.173913043,20,11,6,-13
2017,7b5510c2-9c20-4e1a-a0de-d113e5509c58,SA,0.833333333,0.545454545,0.4,22,5,8,9
2018,86112111-721f-4e00-9714-0c66ab34e0dd,MLW,0.933333333,0.49122807,0.302325581,24,9,11,15
2019,5602fdea-6f33-4f46-8d19-f48e7e8ccec0,ORL,0.851851852,0.569230769,0.25,24,12,9,32
2019,5aa30bb1-bca7-4fff-bfc6-909e781c447c,ORL,0.741935484,0.490909091,0.307692308,21,11,18,12
2018,73d80eef-b06a-4890-a886-50aa897a5d0f,WAS,0.743589744,0.563636364,0.269230769,19,7,14,-1
2018,4e539bd0-3e98-4335-96b4-9848c62c892e,SAC,0.608695652,0.637931034,0.40625,26,8,8,15
2017,fba9c808-136c-44a3-8092-d62b4f15618d,DET,0.72,0.514705882,0.375,20,8,7,9
2019,a79c23cf-e278-4e96-827c-ffe04e74721d,LAK,0.75,0.6,0.290322581,33,6,15,-10
2019,c14a3f81-ddbf-4f4a-a4a3-d21c04d77e17,LAK,0.75862069,0.540540541,0.513513514,25,6,19,23
2018,0ec8d41c-467e-49c7-a372-9194843fe238,DEN,0.708333333,0.445945946,0.28,25,16,12,-7
2018,f2d232af-1b6f-490a-9130-a566ba459835,NO,0.636363636,0.625,0.516129032,35,12,16,20
2019,a4386c3d-7e5b-483a-9537-ded1217f760b,BOS,0.828571429,0.612244898,0.512820513,29,6,14,34
2018,0c4308f8-08b7-49e3-8dbc-52ff1455991f,LAK,0.884615385,0.475409836,0.46875,25,11,13,9
2019,6bbda32a-b248-4e9e-ab43-5ea77eb382eb,ATL,0.807692308,0.5,0.3125,26,9,17,-12
2017,3dcdc0ac-d7ba-48f7-a24a-048e43ab4c8a,MEM,0.866666667,0.512820513,0.294117647,18,9,18,5
2017,013a0892-61fd-46a0-a89f-e40d07a05f5f,UTA,0.888888889,0.509090909,0.4375,24,9,11,29
2017,420cea7e-4fc5-47bf-a1e4-66b5d8c81a56,NY,0.8,0.555555556,0.444444444,29,8,11,27
2017,5afbdfeb-cb01-49b3-96b9-eeefd7f86de1,ORL,0.75862069,0.507246377,0.380952381,22,11,14,7
2018,945a19e4-9be6-4d6b-8b93-06086cd22601,NY,0.857142857,0.462686567,0.5,28,8,17,-12
2018,108e3452-c0f2-4beb-a893-9ba07af46d7d,TOR,0.857142857,0.729166667,0.384615385,36,5,13,21
2018,01b9ac8c-e945-4687-bae9-64e8a0eb2210,NO,0.911764706,0.516129032,0.4,29,10,11,10
2017,fc91dfe6-18d0-4682-a803-45efe8642bae,POR,0.92,0.586956522,0.315789474,28,8,13,15
2017,50c1f55c-0bb5-4f23-8fb4-fe86868cad92,PHI,0.76,0.561403509,0.375,27,7,11,11
2018,6603ba94-d805-4107-9d8f-ddc3cd90fd81,MIN,0.827586207,0.580645161,0.434782609,29,6,13,-6
2018,7e1e6a28-2c76-45bc-9ae2-b9589e6aca0b,ORL,0.714285714,0.476190476,0.193548387,18,12,15,-32
2017,d45a4df9-20b0-41b3-aaa8-e02b9e6e7252,OKC,0.612903226,0.543859649,0.52,24,15,19,3
2018,36a0414e-b790-4083-9353-91f9945e17dc,UTA,0.657894737,0.555555556,0.292682927,21,7,14,-3
2018,15a4ab7c-4828-400c-8537-b98c0434e5c2,BKN,0.88,0.5,0.342105263,18,13,17,7
2018,e6a924ef-fd1a-4478-8030-854c740f214d,MIA,0.631578947,0.396226415,0.393939394,25,15,11,18
2017,5fbc0ead-59ef-47e8-83de-ff6f9013e3b7,ATL,1,0.612244898,0.305555556,33,5,14,6
2019,9301e590-2087-4b26-8125-b2082a4c1cb2,PHI,0.666666667,0.5,0.294117647,25,11,15,-19
2018,5b602749-95c8-47f3-bb91-46014147f71a,LAC,0.766666667,0.538461538,0.428571429,34,12,12,6
2019,b8a7ca74-d825-44c5-8341-f96172df5382,BKN,0.727272727,0.358974359,0.31372549,24,9,13,-25
2019,147bef60-aaad-491a-a96b-66fff00de35a,MIA,0.795454545,0.5,0.314285714,20,10,17,5
2017,c8a217de-42a9-44e8-ab54-811323796758,TOR,0.689655172,0.465517241,0.5,26,5,10,4
2018,7baf0441-af4b-4980-8a2b-f73117026f29,WAS,0.875,0.625,0.351351351,35,9,12,4
2018,d9753838-0261-45e9-91b7-8f73dca5610f,DET,0.782608696,0.452830189,0.272727273,21,15,11,4
2019,983b3070-5302-49e4-afe5-cf01ff3f988e,WAS,0.885714286,0.466666667,0.483870968,24,9,16,6
2018,be107e90-285a-484b-bb6f-313d19610639,OKC,0.565217391,0.327272727,0.317073171,18,17,16,-22
2017,595031de-92ed-498e-87b1-23dfabe6661a,PHO,0.764705882,0.442622951,0.37037037,18,12,16,-13
2017,8327a951-ea24-4ded-b42b-db0399d21d40,MIN,0.714285714,0.506666667,0.3,27,13,9,6
2017,d2c2016a-2d8b-459e-9b85-91f9e25b7b04,WAS,0.923076923,0.618181818,0.333333333,30,12,16,3
2019,655cd5d1-461b-4273-836c-c8a5a8701fb0,LAK,0.636363636,0.559322034,0.394736842,34,13,16,-1
2018,8207dbed-1af3-48aa-b35a-cf512376a84d,LAC,0.615384615,0.540540541,0.551724138,35,14,14,32
2018,e31dbf55-0b51-4df0-bb04-c85b5fc6dbc4,BOS,0.933333333,0.440677966,0.375,23,15,14,-4
2018,c99daf95-d238-4a2d-bbfc-5586386bd6bb,ORL,0.818181818,0.5,0.388888889,20,11,15,-2
2017,508bc31b-2841-43b9-b7ed-824ee746880b,WAS,0.75,0.448979592,0.461538462,30,11,12,14
2017,f86ccda8-f995-4739-97e7-05f22ac9a471,MIN,0.666666667,0.625,0.227272727,23,6,20,-3
2017,9fbd4fc9-a9af-459e-896b-affaaaa2fb8a,OKC,0.785714286,0.423076923,0.371428571,20,11,12,-7
2019,45395bd8-8f07-4066-8892-e4e78d15edb2,CLE,0.863636364,0.553191489,0.323529412,20,12,25,-12
2018,19e56fe1-38d8-41c3-87d6-e009169f8515,LAK,0.666666667,0.560606061,0.434782609,28,14,16,14
2018,16ca1dc6-9c42-49dd-afaa-ca7034605b18,MLW,0.708333333,0.5,0.425,27,19,14,11
2019,d27757b8-5e9d-4061-abb0-90141e48eb14,MLW,0.80952381,0.517241379,0.388888889,29,13,15,28
2018,1be1460b-e776-441a-b5b0-23db0de34101,PHI,0.9,0.561403509,0.333333333,30,11,13,19
2018,bbf2b45e-143f-4856-b9ca-2d0a9482c834,DEN,0.870967742,0.557692308,0.413793103,22,7,12,8
2017,705324d4-c31c-4522-8bf9-0f7120ef4de4,POR,0.692307692,0.4,0.518518519,21,10,12,5
2019,1291f063-cafd-4ea6-958d-1049145821eb,CHA,0.75,0.441860465,0.303030303,21,9,18,-23
2017,81d52d57-43ee-4a8c-9bf1-ab7e3d5275c7,OKC,0.7,0.527272727,0.314285714,23,18,9,-8
2018,0cf3407e-e790-46da-b8d8-8312aad94ade,TOR,0.884615385,0.428571429,0.289473684,17,15,15,-5
2017,51de4284-18dd-466f-9798-09757e3b8b0a,ATL,0.9,0.450980392,0.428571429,21,3,19,-5
2019,9ae96e5c-8b22-4559-b806-655477da1f00,MIN,0.857142857,0.446808511,0.357142857,23,8,8,-10
2017,80f34a8b-7b28-4ace-877a-bcd01d7897e0,BOS,0.814814815,0.5,0.482758621,26,5,12,21
2017,eb6e7b28-7be4-412d-abe3-a2bc022e527f,ORL,0.736842105,0.4,0.344827586,15,8,15,-7
2019,9967eb6c-3446-4ae8-a8c8-f777a6d44fa5,NY,0.575757576,0.448275862,0.4,14,9,14,-6
2017,2573dc5b-7f84-4b4e-a1d2-ddaeb9c9fadb,SA,0.928571429,0.614285714,0.230769231,32,14,5,16
2018,49500c42-3cae-4bb0-b6b6-0c81c86f985b,SAC,0.764705882,0.492753623,0.4,27,16,6,-4
2019,7881a2e6-e6d3-43e3-8694-458d45b3af10,MEM,0.875,0.580645161,0.421052632,39,11,8,13
2019,09d9e005-5caa-4315-abc5-b6c7a4df38cf,UTA,0.8125,0.547169811,0.4375,23,8,17,4
2017,bee86799-028d-42b1-a6a3-f268b4fd4f70,POR,0.761904762,0.392156863,0.444444444,18,7,18,-14
2017,2bc07b43-e4c8-41d0-a8f2-32ce87012c54,CHA,0.642857143,0.485294118,0.32,21,9,11,-11
2017,9c287cbd-ba31-4be6-86a7-6dde00b3ef04,HOU,0.782608696,0.722222222,0.295454545,24,9,15,16
2017,7cca5837-f876-4cc6-a002-7848e32b9e00,LAK,0.6875,0.613636364,0.272727273,25,7,15,10
2017,442c8f6e-5f0d-463c-8d1d-746486127a7a,MEM,0.772727273,0.666666667,0.25,29,11,14,-3
2018,264e2c74-ee32-433b-baa8-da3b744f9f44,CLE,0.846153846,0.477272727,0.419354839,23,2,12,-25
2018,9030c0a0-e7eb-4027-9ae0-061672217087,MIN,0.739130435,0.584615385,0.346153846,29,10,11,17
2018,2c3afca1-a44b-4447-9545-674b125934ef,MEM,0.625,0.533333333,0.44,24,9,13,8
2017,f3beb702-ccb2-445a-b7c5-a14def5fdaa3,MIA,0.875,0.566037736,0.357142857,20,7,16,6
2018,afe11e0d-e8a5-4c34-ac6b-8d2ebdef9fa2,LAK,0.833333333,0.589285714,0.325,29,8,9,-11
2017,3fcfee47-89ad-4bea-9032-047c31d9c367,SA,0.555555556,0.526315789,0.366666667,21,7,15,14
2019,0b5a6a7d-56d0-4334-9bdd-6f63fdbd4532,MIN,0.814814815,0.545454545,0.28,34,12,17,-10
2019,16f0d491-da9e-4990-8cd0-fd63d8e1d707,PHO,0.846153846,0.536231884,0.230769231,25,12,10,-7
2018,61d0041d-d57b-453b-a0d2-ba443a50ddf4,MIN,0.785714286,0.510204082,0.30952381,26,5,12,-20
2018,e13c3c98-2168-483d-a4b1-495be9d5091c,SAC,0.761904762,0.671875,0.314285714,36,15,14,22
2018,d0ced321-425b-43d1-b9bc-da318d0ac5ab,SA,0.846153846,0.480769231,0.333333333,18,7,15,-5
2018,aaa7463c-d619-47ec-ac03-7aec321a35a5,ATL,0.928571429,0.517857143,0.236842105,20,8,10,-20
2019,5b876a95-e816-4b69-b24a-2ac9d59ee184,DAL,0.695652174,0.581395349,0.414634146,28,9,13,7
2019,0b58a1e4-495c-4051-bd25-ac5bb470f09a,SA,0.8,0.528571429,0.3125,19,2,12,-8
2018,eca3467f-2281-446b-b9ba-bb01c54b5e42,BKN,0.75,0.634920635,0.4,19,10,16,-2
2019,60436f07-de26-440d-bbaa-bf21c02e9876,POR,0.892857143,0.53030303,0.290322581,19,14,10,10
2017,3984fa2f-df0c-43bf-a74c-e117c40254ad,MIN,0.705882353,0.555555556,0.428571429,24,19,10,11
2019,e2c85c46-73b2-4fba-b086-8abd5ab0707a,CHI,0.857142857,0.357142857,0.205882353,20,11,12,-10
2017,a073c6f3-d091-437b-86a4-5f293912a274,MIN,0.76,0.5,0.391304348,24,8,8,6
2019,0ef34648-c7ed-4057-b89c-a4ed931f249c,ATL,0.864864865,0.596153846,0.314285714,29,10,16,10
2018,016ae958-6296-4007-9c39-1b816dd24247,LAK,0.793103448,0.540983607,0.25,25,6,16,-14
2018,fa207046-56ca-40dd-bce8-c71816e9cb32,DAL,0.84,0.531914894,0.285714286,28,9,12,25
2019,458f7a6d-f8a1-48fa-9308-6ed50728c773,CHA,0.75,0.423076923,0.352941176,25,8,17,-17
2018,c9ca82be-4f09-478c-8826-5087bbe09bae,ATL,0.777777778,0.561403509,0.277777778,24,9,9,-16
2019,fc141ff7-598b-42c2-9827-ff9eb6ba7ae4,PHI,0.6,0.523076923,0.56,34,10,20,12
2017,c66492d6-8230-4a92-8741-bdd20588ca44,DET,0.823529412,0.603448276,0.346153846,23,13,17,4
2017,91a0da7f-7c6a-4b26-b395-d3124b72e4ca,ORL,0.590909091,0.576923077,0.464285714,31,6,12,13
2017,f76a19ef-444c-45f5-a67e-db848f1420f4,CUR,0.818181818,0.644067797,0.261538462,35,24,17,-3
2018,18730658-e2fb-428d-80bc-a14256efe218,MIN,0.869565217,0.487804878,0.472222222,22,5,16,-14
2018,97177490-e46e-45e8-a48f-9c5437417202,BKN,0.75,0.516129032,0.38,24,6,15,16
2017,846778ed-f9b4-4515-b3d3-fd4fcb2fbee7,CHI,0.75862069,0.444444444,0.21875,20,18,13,5
2019,64292937-e648-4e43-9320-3bf4d85566ee,HOU,0.733333333,0.588235294,0.275,21,10,15,6
2017,8b725933-cd00-4594-9ffa-7f5c0743e8c5,DAL,0.6,0.563636364,0.361111111,30,8,16,-1
2019,b5df6790-2212-4a93-95bb-49330fa0da2c,DAL,0.818181818,0.594594595,0.454545455,28,5,17,-3
2018,00cbd37b-232b-454c-96b8-93af37fa50a4,BOS,0.756756757,0.543859649,0.361111111,30,11,14,9
2018,96bb4575-b197-4768-9451-a4ccb9dbb683,MIA,0.708333333,0.625,0.391304348,23,7,18,1
2017,2bb3de49-6262-45ff-beb5-d1bdb194b464,DEN,0.866666667,0.519230769,0.483870968,30,7,12,9
2017,55521115-9a9e-4448-99f8-221d8323e6a1,TOR,0.821428571,0.418181818,0.433333333,20,12,12,15
2019,592cd86b-71e7-4770-aa4e-f1c654954a55,POR,0.84,0.527272727,0.571428571,27,12,15,10
2019,f14736fb-f96d-4665-a858-d1064d412dd6,OKC,0.80952381,0.518518519,0.35483871,19,6,13,-8
2018,4bdaf328-cb1d-4356-b741-ae175f0af426,NO,0.75862069,0.508196721,0.264705882,22,11,16,-21
2019,1eff03f4-fda7-4b70-b677-621689d43308,TOR,0.875,0.530612245,0.307692308,27,12,17,-10
2019,95fa2da9-aae3-4563-93a6-3a7e5732e7bc,BOS,0.6,0.581818182,0.321428571,21,13,15,-13
2019,fcc86410-e575-4b8c-9937-f875fc56897e,BOS,0.8125,0.5,0.390243902,21,10,10,19
2018,8de3aae7-f721-4379-a289-d859448fa4e7,DET,0.689655172,0.528301887,0.363636364,25,8,15,5
2017,37b0701a-87d9-4379-915d-3b857511019f,MLW,0.736842105,0.543859649,0.181818182,17,6,9,-11
2017,e8e086cf-48aa-4c46-9ad3-7775da795626,SA,0.833333333,0.53125,0.4375,18,5,12,12
2017,d714bfb5-61d5-4a2f-9089-241a619781fb,NO,0.739130435,0.529411765,0.34375,28,7,21,-5
2019,08d90869-53c3-4c54-bdb0-c61e213dada7,ATL,0.916666667,0.64,0.3125,22,4,13,5
2019,53cbfe1b-45b2-4231-b143-19f2798e9f8b,PHI,0.888888889,0.5,0.47826087,27,4,12,3
2018,7a77cf01-6c29-461d-b163-11a8f15234ab,MLW,0.611111111,0.543859649,0.435897436,35,7,7,38
2017,942ea597-636e-4932-b233-671c2a0ad5ac,SA,0.894736842,0.410958904,0.269230769,16,15,10,5
2018,b8d8a6cb-5559-4f7c-87c2-0e946bf356aa,CLE,0.941176471,0.344262295,0.523809524,14,7,13,-26
2017,7bf8a61d-b80b-4eb1-b02b-2d33f1de7709,LAK,0.75,0.5,0.25,24,12,16,-14
2018,8f86078f-631e-4a1f-9b66-10864bc1bfd5,SAC,0.727272727,0.547169811,0.290322581,26,11,12,13
2018,c4bfde19-d3af-4408-9a93-19326d312178,IND,0.6,0.620689655,0.346153846,31,6,9,15
2018,1f2e18d6-4921-4905-8486-cdb77b68844b,ORL,0.761904762,0.5,0.451612903,31,12,9,29
2019,916cc2a3-83d9-4d18-a4e3-c67bb75356f9,CLE,0.681818182,0.4375,0.375,24,12,9,-20
2018,0cc081d5-d5c0-4809-9d62-3135c6ee015c,PHI,0.862068966,0.446428571,0.451612903,26,11,21,-3
2018,abec291d-64e5-4fb1-806c-fb44c39eb3d4,NY,0.75,0.5,0.269230769,22,7,11,-9
2018,143b91e1-d259-478a-85e5-4cc021d0686e,GS,0.806451613,0.471698113,0.489795918,33,10,10,7
2018,0dad471a-fa39-4409-b5a5-ad7322f2d7b6,UTA,1,0.618181818,0.4375,26,8,18,4
2018,a0507608-7763-440f-89be-14fadde094a5,LAC,0.642857143,0.460526316,0.454545455,24,11,12,-20
2018,49dac382-4434-45ff-868e-e6f26fec6f07,NY,0.827586207,0.64,0.461538462,24,10,23,1
2017,203a360e-6590-4181-bad9-de318a0414ef,UTA,0.777777778,0.642857143,0.470588235,29,10,16,47
2018,e6a108b4-115d-4253-aba7-7880b23c2a77,GS,0.861111111,0.528301887,0.35,22,15,7,2
2017,44437397-7a2b-45f9-b45e-391d0846ab63,DAL,0.882352941,0.5,0.210526316,18,11,11,-24
2017,7b19c4d2-ef65-4e33-b633-f100105776ae,POR,0.888888889,0.535714286,0.258064516,23,9,11,13
2017,f5524f4d-8ef4-4c84-84ae-5bb91494ddbb,PHO,0.8,0.509090909,0.28,11,10,10,-3
2018,6abb0cfa-8d0b-4306-83ec-db02071f6535,TOR,1,0.666666667,0.423076923,29,3,13,-1
2019,0480a8cc-b0b4-4430-8181-d9d966612aa5,CLE,0.75,0.509803922,0.342105263,24,17,12,-6
2018,ef3de4cb-e1ed-41d5-8339-17d684965dc8,HOU,0.916666667,0.611111111,0.365853659,25,8,10,32
2017,e78a04ad-70dd-405d-b3d9-62cdcb70cf0b,NO,0.916666667,0.561403509,0.291666667,23,7,15,17
2018,e7dcb659-7cd6-44a4-803d-90bf2e56dc7d,GS,0.833333333,0.490196078,0.515151515,30,11,14,22
2017,8d2885ef-e821-48a4-8e65-ecb73a1626b0,CHI,1,0.543478261,0.461538462,31,7,15,12
2019,dbc369fe-1442-4420-b644-5e9593e7ba2a,DET,0.625,0.538461538,0.3,20,19,15,-3
2019,a09755b5-fc57-4bd4-b2f2-7c00356badde,LAK,0.675675676,0.538461538,0.323529412,20,11,13,2
2018,eaacd828-6113-4f27-b695-a5276163d423,SA,0.705882353,0.596153846,0.424242424,27,4,11,6
2018,56e202cc-cb73-4bd1-8919-2b149518c171,IND,0.833333333,0.537037037,0.272727273,22,6,18,6
2017,7e088969-a379-4863-8147-7d9a476fd59b,MEM,0.777777778,0.574074074,0.296296296,31,8,19,-9
2018,092d461f-ee17-4839-9724-f1b8a260271e,CLE,0.458333333,0.6,0.441176471,30,7,15,3
2017,3896ecdc-c302-4d62-ab12-041399aeb113,WAS,0.5,0.490909091,0.409090909,21,6,15,6
2018,4663336a-5960-42ab-b232-192fcf0134ad,PHI,0.757575758,0.516666667,0.315789474,28,17,12,25
2018,eede3c4a-03c5-47f1-a307-691be306862c,OKC,0.717948718,0.546875,0.380952381,25,12,17,9
2018,77e57d24-c0fe-488f-bbc2-6682a8cd83e9,IND,0.76,0.462962963,0.34375,23,8,13,1
2018,5e738a38-e452-4efc-8e15-79a52eb4e8ff,NO,0.964285714,0.557377049,0.3,27,8,11,5
2018,e2d9e797-f778-4ed5-8f37-b2fbf403c126,SAC,0.6,0.482758621,0.333333333,21,20,22,-26
2019,ebf4cb43-1308-480d-84e7-9715619f1349,MIN,0.689655172,0.52,0.25,20,20,18,6
2018,f1e73749-ab00-4708-b8da-a00f9ea39820,IND,0.875,0.7,0.259259259,31,3,11,-5
2019,4f6911fe-2fc6-4c19-816d-59e0fb26ba67,WAS,0.8125,0.568965517,0.375,22,6,19,6
2018,7a8aaa80-f942-408d-bf3d-93892cacea55,TOR,0.588235294,0.569444444,0.2,23,12,20,-2
2019,a991fc6b-8191-4352-b48e-fc7d45efbe26,POR,0.96,0.432835821,0.366666667,11,13,10,-4
2019,489781c7-8add-4fa4-a402-bc10f85c5d52,SAC,0.666666667,0.442622951,0.372093023,26,8,10,-4
2018,51830060-91a4-4fb8-bff0-f43683605915,GS,0.933333333,0.6,0.378378378,33,9,14,-1
2017,4a422bc5-bdfc-40c1-8f9d-9760e6dc2baf,CHI,0.928571429,0.6,0.34375,31,9,11,18
2019,48652cd1-4cea-4ce8-b7b8-36aaac646742,POR,0.8125,0.4375,0.354166667,24,11,12,-8
2018,c88af6a3-015a-4807-8af2-f2e4f9a4bf6c,ATL,0.785714286,0.642857143,0.333333333,29,11,11,8
2019,6b25da06-aa87-4ca4-9290-a5da80e0adb0,POR,0.931034483,0.571428571,0.314285714,19,7,10,3
2017,967f756d-7681-40c3-89dd-97e493c0c6d2,MLW,0.846153846,0.578125,0.411764706,22,8,11,17
2017,38cf7de4-360c-4672-9ce8-bcd5b11c6d39,BOS,0.695652174,0.493150685,0.461538462,30,10,17,-1
2017,47279135-ed58-43ca-9615-b6ffb593d466,CHA,0.846153846,0.492537313,0.483870968,27,13,9,24
2017,8b13f06c-7d02-4561-a1db-8d76763933e5,PHO,0.777777778,0.489361702,0.424242424,27,4,19,-17
2017,a3a6ad5e-19c9-4b9e-a1be-b796473590ff,ATL,0.666666667,0.440677966,0.466666667,29,13,13,15
2019,725fc3d3-acfd-45c8-903d-72876e3d2bdd,MIN,0.761904762,0.464285714,0.342857143,23,9,9,-13
2018,6f302741-94b2-46bc-afc2-72817cdd573c,WAS,0.833333333,0.454545455,0.3,22,8,12,-9
2019,abed1c3d-dc72-4ed4-b9d5-a772da5eddd7,LAK,0.631578947,0.5,0.451612903,29,14,16,5
2019,d465cf69-8231-4aa7-b654-b0ea7051dffa,MLW,0.62962963,0.592592593,0.294117647,25,10,14,9
2017,a70f4e7f-e605-447e-94d3-9c22fbab4f32,BOS,0.85,0.491803279,0.322580645,24,11,5,13
2018,b796743d-32d2-4c09-a32b-15684144187c,NO,0.65,0.492307692,0.375,17,7,17,-10
2018,5a5d41d3-f4e5-4a9d-99d6-de789e9ba3ca,WAS,0.714285714,0.547169811,0.357142857,29,9,10,-8
2017,29fd4b2d-608f-4ad9-ba35-8ab1fadcd82a,DET,0.777777778,0.457627119,0.4,23,20,17,7
2017,df75af15-9316-43cb-a8bc-e6c3631fcd9a,UTA,0.84,0.535714286,0.379310345,19,12,16,8
2017,c38915a6-6ef7-4558-9387-e319fef6a34b,GS,0.92,0.615384615,0.545454545,37,7,10,13
2017,94ecc245-0b71-4c05-a25c-de8d1c13b9e3,OKC,0.821428571,0.50877193,0.296296296,16,13,10,-3
2018,b52ba119-1725-45f0-a51d-5f5f994b49c9,HOU,0.888888889,0.709677419,0.326923077,19,6,9,11
2018,50ad2778-7113-41b3-b36a-85893e19594a,BOS,0.71875,0.4375,0.303030303,30,15,8,-8
2018,f27add15-2945-467c-b50d-347eeaef7627,PHI,0.740740741,0.62962963,0.333333333,31,11,15,-2
2019,4f555780-1a8a-4a08-8ad3-151d00204e11,IND,0.75,0.387096774,0.285714286,16,14,13,-11
2017,610a79ba-e740-456b-aa50-43ed25a9fa18,BKN,0.80952381,0.458333333,0.363636364,26,7,9,-12
2019,7f47e67a-84a2-46f4-ad79-d2cb1f55784a,CHI,0.653846154,0.390625,0.518518519,25,12,14,20
2018,3b6ef11a-a074-42a4-a640-c08a14724957,NO,0.764705882,0.5,0.321428571,25,8,14,-4
2019,786e277d-a48f-475f-8b5a-7a51f7d7f509,PHI,0.676470588,0.537313433,0.35,24,9,9,7
2018,e6f119c3-5a6e-4672-88b5-220d6cff947f,LAC,0.764705882,0.46031746,0.542857143,33,9,16,21
2017,d1a7b78c-e476-4721-92aa-2c7d7ac9edb9,IND,1,0.563636364,0.304347826,20,10,18,-10
2019,184a8acf-2386-4d3f-81d3-3bd0caa6d764,BOS,0.6875,0.523809524,0.565217391,23,6,12,16
2018,1bd7bc77-88c4-48a3-a537-425021267a79,IND,0.75,0.441176471,0.310344828,23,12,12,-24
2018,125f623a-6879-4979-9930-e75f769760d8,LAC,0.75,0.428571429,0.419354839,22,4,10,-8
2019,e737346c-14f2-492b-9f5d-23bd5b48e4bf,NO,0.592592593,0.62295082,0.358974359,37,13,15,-5
2018,24818da9-d163-4399-be86-caac3351df53,MLW,0.695652174,0.547169811,0.179487179,18,15,18,-10
2017,8369f216-20cc-499d-b37e-98863810021a,SAC,0.866666667,0.465517241,0.36,24,13,16,6
2019,f6e9fd72-3214-4f23-a333-e21e571fe86a,LAC,0.804878049,0.615384615,0.541666667,25,6,10,6
2018,18a5e565-9dc4-4f1b-b70a-e35b998512a6,ORL,0.866666667,0.528301887,0.323529412,22,10,15,2
2018,86960f90-238d-409b-bd1b-ddfe3d70a6bf,ATL,0.695652174,0.468085106,0.475,26,9,16,3
2017,d0313229-ee18-4d9e-8875-04d7792f3022,HOU,0.695652174,0.630434783,0.27027027,15,8,11,3
2019,dd013f1a-7fe5-485d-acb2-cb5ede8f694a,GS,0.84375,0.360655738,0.523809524,26,11,14,-7
2018,c4e678dd-b678-4d8c-afde-8a1073b768d9,IND,1,0.452054795,0.518518519,34,12,8,25
2019,02843f8f-f8b3-450f-bbb5-4498685381a8,GIA,0.631578947,0.662650602,0.275,38,15,21,-2
2017,3f2ed142-5bae-444a-a349-9c63e09ecd49,LAC,0.838709677,0.625,0.391304348,23,4,19,8
2019,da996432-ac49-4bd1-9929-59b0b35ed051,CLE,0.764705882,0.6875,0.269230769,25,10,23,2
2018,e57efe10-5436-4a50-882b-d44f4495edd2,LAK,0.739130435,0.538461538,0.407407407,26,11,19,24
2017,71e43742-b389-4b1d-8be9-37fe0a379220,PHI,0.638888889,0.568627451,0.351351351,33,7,15,12
2018,ecd96ce5-3240-4a3c-9eba-eac73f75adda,WAS,0.666666667,0.53968254,0.296296296,20,10,8,10
2019,9a19493c-bed4-4b76-9dd2-27ebd2f5a04e,NO,0.6,0.472727273,0.444444444,24,12,17,-7
2018,6b96c9ec-1911-43ec-a336-ab451aaf4a36,PHI,0.6,0.597014925,0.461538462,30,9,6,16
2017,12a3885f-957f-4bc3-b72b-fbd39e581b8a,DET,0.75,0.555555556,0.285714286,26,10,16,11
2019,f9756d8f-6fe7-4a9d-9b65-be0b7544fbfc,MIA,0.777777778,0.6,0.4375,34,8,19,9
2017,405a3362-f578-4dd8-96d1-1f1e93b9e716,BKN,0.933333333,0.405405405,0.324324324,19,2,17,-34
2019,63a11335-6469-4eb7-af99-1dc9de18c264,OKC,0.823529412,0.591836735,0.466666667,30,7,18,6
2018,7489849a-c2c9-4ac3-a4d1-0a4fc6165306,SA,0.791666667,0.62295082,0.454545455,25,8,11,38
2018,8c5e9f15-6118-49f2-b51e-abd21062573f,DET,0.62962963,0.444444444,0.344827586,21,5,16,-3
2018,79b492b5-cb6f-4159-a90d-a82352d68125,POR,0.75,0.5,0.384615385,30,7,11,-10
2019,0936389f-1346-44ea-9c2c-c35f4e1b7d16,MEM,0.7,0.58,0.361111111,28,16,15,7
2018,85571362-a1c1-405a-abc1-bc384a6b0c31,DEN,0.903225806,0.545454545,0.333333333,26,10,7,26
2017,b801c0c0-662f-4db9-b0b7-56ee3ec4a843,MIA,0.678571429,0.471698113,0.413793103,19,15,13,9
2017,2322593b-f1fa-4c44-9456-43d5118525b7,MEM,0.818181818,0.545454545,0.172413793,20,11,10,-7
2017,64872296-d7d0-420e-a6a2-10edffb5eb1b,CHI,0.666666667,0.447368421,0.411764706,21,9,9,3
2018,7ae56950-0d4f-4ec1-937b-b3daac43873c,OKC,0.777777778,0.56,0.27027027,21,13,19,-9
2019,3eaf84c4-2b18-4f44-9362-fc0655d9ed8d,ORL,0.818181818,0.706896552,0.3,36,10,15,11
2017,05535efa-5432-4357-8d95-96172796e872,PHI,0.9,0.524590164,0.470588235,35,11,11,19
2018,a27146a5-55dd-4a8a-9698-cc95ad29bdde,WAS,0.75,0.448979592,0.545454545,28,6,16,7
2019,1312fd34-5565-4327-a7c4-21c8a4a3ed84,SAC,0.75,0.40625,0.571428571,20,14,20,-2
2018,f7c7e8ed-896d-4ac4-9ea7-120babf53e89,SA,0.791666667,0.546666667,0.1875,20,12,13,4
2018,0d525e10-5d5a-4412-844d-e32318f77beb,PHO,0.666666667,0.471698113,0.413793103,25,4,14,-10
2018,8501051e-fe83-4409-ae3c-08c3780df5db,CHA,0.818181818,0.523809524,0.393939394,26,11,13,13
2018,b9068bec-8945-42ea-9a02-4dc2c34e2119,ATL,0.75,0.716981132,0.486486486,36,10,18,16
2017,a4e3cd0f-ac6d-42c2-b76d-6f900cef7b9e,SAC,0.607142857,0.424242424,0.444444444,29,8,9,1
2018,0f800a18-fc0d-4065-a052-7da66d294a09,PHO,0.555555556,0.492307692,0.307692308,20,12,15,-9
2018,a4ddc08a-181e-4317-a255-60056c4ec234,MIN,0.8,0.466666667,0.423076923,23,4,9,-9
2018,fd9eba35-d72b-498c-ade0-c45cb6539361,PHI,0.766666667,0.484375,0.304347826,24,13,13,17
2019,1cc6b6d5-bdbf-4ff3-984a-3c4b5c22f952,NO,0.733333333,0.6,0.391304348,36,12,16,12
2017,3ef29c2c-6e87-431c-9e4a-160a74417f70,GS,0.923076923,0.492307692,0.363636364,32,8,17,-11
2018,4ffd31bc-d17d-4a19-b2b0-3070dd5df039,DAL,0.814814815,0.490196078,0.4,28,18,21,11
2018,169b128b-e23f-41d1-88c5-f4753b1f72fa,UTA,0.85,0.607843137,0.606060606,38,5,17,34
2019,41894e81-8cdd-48f8-9081-c16a09f119d9,IND,0.739130435,0.557377049,0.411764706,31,10,10,6
2018,98718a9b-f8be-4e21-baa3-343df77f5113,POR,0.625,0.645833333,0.395348837,23,11,12,15
2018,0461e89c-d758-4415-939f-5ca8ca5c204b,OKC,0.636363636,0.565217391,0.386363636,29,11,11,22
2019,f8eb9292-9b0d-49f9-a286-b51b8c41a77c,GS,0.708333333,0.540983607,0.321428571,25,18,21,-14
2019,8a9183bf-92cb-4ddd-a281-94c9289944bb,ORL,0.6875,0.428571429,0.21875,27,16,6,-15
2017,9ba9db94-7057-45be-aa33-bb6737e9f68f,IND,0.619047619,0.475409836,0.363636364,18,7,13,-23
2017,4d17f8f0-d5a1-4234-8e4e-a5d60beb9282,IND,0.7,0.649122807,0.318181818,30,8,16,13
2019,46a7b863-c841-4fe5-94d0-9f6ff7005a59,MEM,0.7,0.446153846,0.344827586,24,15,18,-8
2017,5903d9f1-46ca-4c3c-8826-6b22fbf2cffe,CLE,0.739130435,0.406779661,0.423076923,21,10,11,11
2017,a3026d91-d7c2-4726-b58c-11f1ebc18d46,MLW,0.875,0.525423729,0.346153846,24,5,13,9
2019,0598b9a3-ae19-4443-9740-cbaff2f15764,LAC,0.75,0.454545455,0.257142857,21,12,10,-15
2018,7609594f-e6ae-43dd-957a-3d4076716205,NO,0.8125,0.625,0.375,31,9,17,13
2018,0d32b8e1-747e-47b8-bfec-2a77cbbe4508,LAC,0.777777778,0.509090909,0.377777778,33,9,5,9
2019,4c263739-fcaa-45f9-bd4d-01397ec1cc73,MIA,0.833333333,0.6,0.340909091,32,9,14,-11
2017,5507127a-e7da-41b6-b4af-a3b26ef00deb,MIA,0.774193548,0.428571429,0.115384615,12,12,11,-24
2018,734fe91e-43b8-4e87-abd0-2d0aa20e9258,PHO,0.842105263,0.517241379,0.314285714,25,4,15,-7
2018,91797b00-c91d-4950-9001-f0ad70503b9c,MIN,0.838709677,0.561403509,0.434782609,26,9,23,7
2018,70006078-91a3-4cad-badc-ae611a24fe04,DET,0.76,0.490566038,0.344827586,21,13,14,-2
2019,b71f6a7b-2143-45ef-be6d-0ecc87ed519e,LAC,0.8,0.612903226,0.4375,22,10,16,25
2019,65dbc645-5dfe-47a4-a581-8a79cb8dddce,UTA,0.608695652,0.70212766,0.372093023,29,12,7,24
2017,074833e7-dd67-46d8-ba20-4d57f2044472,NY,0.666666667,0.519230769,0.486486486,33,9,12,24
2017,d36778d1-28d4-454b-a14b-f5221d3510fa,TOR,0.714285714,0.588235294,0.256410256,20,11,7,9
2017,7ef912f8-6593-4902-84e2-1f760e50a5a6,PHI,0.68,0.526315789,0.257142857,25,23,17,2
2019,04439a19-a43f-4a97-b220-93db75668d74,SA,0.764705882,0.5,0.4,29,7,13,-4
2019,5bd3aba9-c13a-41f8-9b42-ffea62032a53,HOU,0.709677419,0.566037736,0.470588235,20,13,15,26
2017,e9b0c15e-cfb9-4ff7-ba67-03f90b01ea5b,DET,0.526315789,0.4,0.444444444,20,15,11,-4
2017,d6e74cbb-ada5-445f-9ad8-8c6fc9dd4f76,IND,0.655172414,0.608695652,0.055555556,13,12,14,-8
2019,1f4ef00c-a1c7-4fcc-8cc5-5a89079ba5ef,DET,0.681818182,0.634615385,0.171428571,19,10,15,-13
2018,8bd80f40-693c-41c4-802d-76b6f2864032,MLW,0.761904762,0.717391304,0.365853659,26,4,9,22
2018,15e51d24-787a-489f-93a5-0981e8611cad,LAC,0.821428571,0.421875,0.34375,22,16,14,-19
2018,01e2067c-0902-4643-b2d9-ae8219c73ca0,WAS,0.666666667,0.622641509,0.307692308,19,2,13,14
2019,eecbbdd6-7f57-462b-8494-fd4f10fecce8,DEN,0.941176471,0.5,0.206896552,26,7,11,-9
2019,bcd9c5a9-ffc1-4c5f-8bff-41d02f9b0daa,MEM,0.8,0.514285714,0.424242424,33,8,12,1
2019,f900b84f-b7fa-4017-9a71-b9a3ae1404a3,BOS,0.780487805,0.6,0.266666667,15,9,10,21
2018,4da48a38-1cf0-4cf5-9476-80eb3481207e,BKN,0.714285714,0.339285714,0.366666667,11,14,20,-10
2017,b518f614-b435-4783-bfe5-d79309f3d56b,DEN,0.818181818,0.549019608,0.366666667,23,10,9,24
2018,2e768798-7f38-442b-a007-a91d1c4e9b69,PHI,0.857142857,0.693877551,0.488372093,40,8,15,42
2018,8e86d5b8-4b0e-4326-b52e-a29bba8876f9,DEN,0.735294118,0.507246377,0.277777778,20,15,12,-2
2019,f60f046c-bce9-479d-8b1b-e085191dba35,HOU,1,0.509803922,0.4,23,6,9,-10
2017,c06bb3ff-fae3-4d01-af99-dc72cd21feb0,CLE,0.884615385,0.531914894,0.433333333,18,2,12,6
2017,3e9849f3-fad4-4657-a7fb-f4dc578ee6e4,MEM,0.764705882,0.492063492,0.357142857,23,15,11,6
2017,78305105-393a-4444-8e01-17b8beb86e59,SA,1,0.411764706,0.451612903,30,10,16,3
2018,e8212983-6dff-4338-ae09-dfe45ccb6091,CHA,0.909090909,0.508196721,0.458333333,29,6,8,25
2018,e9ddcca0-1578-4c13-9095-c97907222706,PHO,0.740740741,0.551724138,0.473684211,24,7,17,-10
2018,41d0c252-160b-4b54-b70e-52991269d3b1,LAK,0.685714286,0.438596491,0.366666667,23,8,17,-11
2017,b116af6b-9533-48a6-a57b-0cca74f19f53,BKN,0.875,0.403508772,0.357142857,17,13,18,-23
2019,7d0f3205-e6ee-45a4-8992-19b8ca58d933,ATL,0.866666667,0.508474576,0.294117647,18,10,19,-33
2017,ed64a122-6920-4bb4-98cd-07ecb84ff9c9,WAS,0.724137931,0.50877193,0.380952381,25,4,14,-7
2017,eaf97b73-980f-4463-b771-a928f585da4e,ORL,0.882352941,0.428571429,0.405405405,21,9,20,-2
2019,67f68c7f-1dac-4f37-b02d-f75a86803dc2,HOU,0.9,0.612244898,0.288888889,27,9,19,3
2019,47d8b2c3-8a38-480d-8a81-b7e213c5d5e3,CHA,0.9,0.426229508,0.228571429,22,12,10,-8
2019,c7147432-4239-4cc6-978e-c354787cd330,ATL,0.592592593,0.603773585,0.488372093,33,12,15,5
2017,62e06703-d078-49b1-b2c7-64ef53ac58ac,MIN,0.928571429,0.454545455,0.333333333,19,7,12,-24
2018,e83ddaa6-47ff-41b6-9ce9-da2ecef31af5,POR,0.857142857,0.5,0.290322581,30,11,12,-2
2018,41f32a78-43e8-4332-a651-aa4eb19562fc,GS,0.826086957,0.52,0.228571429,26,9,21,-33
2018,b4aaa0a6-ff59-4065-ada3-5a3ed639bb1a,HOU,0.681818182,0.522727273,0.351351351,17,9,17,7
2018,7beb8e2c-8dbb-47b6-a024-e0e475d3aba2,CHA,0.714285714,0.568965517,0.30952381,30,5,6,9
2018,83fe1d01-9706-432a-949c-4de63e32643d,CHI,0.733333333,0.485714286,0.388888889,20,11,12,-17
2017,478f4c23-47dc-4487-92eb-093cc7958907,DEN,0.714285714,0.673076923,0.405405405,38,8,7,26
2018,9f17a657-bceb-4c6e-974e-ea1ce7c05513,NO,0.75,0.4,0.344827586,21,8,14,-30
2019,beb345cf-693b-4730-8815-209b54381721,MLW,0.625,0.62745098,0.457142857,30,10,13,44
2019,5a94ea33-2061-498e-9e9e-96bc90cbb1c6,OKC,0.782608696,0.490566038,0.405405405,20,8,12,11
2017,504e86a1-7fbc-406d-8af3-71dce6f6f372,LAK,0.75,0.583333333,0.393939394,32,13,16,22
2017,e2b23c81-cb89-4454-9877-f44774ff64bc,CHA,0.8,0.52,0.305555556,17,12,21,18
2018,8cae93bc-2c3f-4358-9f64-0a9d434aec8d,MIA,0.6,0.457627119,0.333333333,25,16,15,-10
2017,15a9c085-264c-46d4-a12b-c75a70c5110e,NO,0.655172414,0.618181818,0.387096774,28,11,11,9
2019,207e8942-244d-4bc8-b3cc-be10c629b267,DET,0.791666667,0.591836735,0.5,37,8,16,20
2019,f8912b07-5195-4802-89c7-2ca1ba421f14,BOS,0.909090909,0.509433962,0.428571429,27,14,22,15
2017,b630e1fb-8928-4c73-828b-47f53fbb1945,OKC,0.666666667,0.617021277,0.393939394,21,6,18,28
2019,17c75bfb-53b3-4614-a342-4090d75d85b9,CLE,0.7,0.510204082,0.294117647,22,10,16,-6
2018,31bac7d4-59e7-4f8e-bbb8-8e15e43e9ed7,BKN,0.764705882,0.45,0.464285714,25,15,11,-8
2017,9d5ab41a-3124-4fa7-bd11-fea49b899501,LAK,0.75,0.555555556,0.333333333,27,9,17,-7
2019,06acff66-1b42-46f7-a758-481e39cccfb7,TOR,0.764705882,0.471698113,0.512195122,26,17,12,28
2017,3e8df09d-f369-4650-99c2-a4cfcb3f59a2,CHA,0.580645161,0.46875,0.285714286,16,10,14,-5
2019,190b0c3e-ad97-4b32-969a-84e58b9573f9,WAS,0.607142857,0.385542169,0.344827586,26,19,9,10
2018,5ceec79b-e8a9-4ce7-aaae-edb3bb98fc6a,MIA,0.722222222,0.426229508,0.3125,21,14,13,7
2017,95aed366-30dd-4949-99ce-371a731c55ab,SA,0.583333333,0.541666667,0.264705882,24,10,20,-8
2018,663676a1-d85a-4c02-80e9-aef8083f2f6f,OKC,0.56,0.454545455,0.25,19,16,16,-6
2019,d9bb2365-7dad-4b5e-9283-bf7f7ff54524,TOR,0.8,0.555555556,0.465116279,40,16,10,36
2017,c47f189f-caf8-4657-b4a1-e3d3e97abca5,NY,0.823529412,0.53968254,0.294117647,16,6,12,4
2019,dfa9d6d1-5fe4-45e5-b328-6e3a3db04f17,CHA,0.833333333,0.382978723,0.358974359,24,8,13,-13
2017,0db2cfe8-c083-40e3-875b-39446c72e42a,BOS,0.933333333,0.626865672,0.6,31,4,10,28
2019,ae19aa7f-1c34-4995-b556-3cd307ac5773,DEN,0.772727273,0.523809524,0.44,32,3,10,-4
2017,f4e46a3b-c461-4b09-9b0b-9d7307cfa84a,CLE,0.8,0.56,0.416666667,32,8,14,9
2018,f52e3290-10e5-4a0b-a6d9-085ccb36a798,POR,0.904761905,0.52238806,0.481481481,29,12,8,6
2017,e4217167-fac6-4ff0-a2d9-fd2b8b118cfc,PHO,0.787878788,0.422535211,0.318181818,15,22,29,-6
2018,74f051c6-56c3-44c6-9121-8acf46a389b5,UTA,0.857142857,0.568627451,0.363636364,24,4,13,13
2017,d9fe3b03-ff25-4b94-9d56-710d07a07f2c,HOU,0.814814815,0.482758621,0.27027027,22,11,7,-8
2017,18e12a46-3b6d-4485-b99a-5cea993ad6ac,DAL,0.785714286,0.471698113,0.53125,22,8,14,-7
2018,cee6aad2-a966-42f2-b43a-2e6d6ce2fbd9,LAC,0.941176471,0.597222222,0.5,28,13,15,21
2017,3fba142c-10d5-48f5-910d-186f45005202,UTA,0.625,0.491803279,0.333333333,29,14,7,28
2019,a0a37862-b4d5-4513-b08d-24d6a921d638,MEM,0.875,0.649122807,0.407407407,32,9,23,17
2017,bbcd89d2-71bd-457d-be13-30e1eb976108,NY,0.846153846,0.65,0.384615385,26,8,20,29
2017,d004de37-0c0d-4494-bff9-4d0ac6119ab4,PHO,0.826086957,0.448979592,0.435897436,24,12,7,14
2018,b5babb25-9eba-4b69-8467-86428ff91f45,SA,0.896551724,0.5,0.842105263,38,5,17,7
2019,92b23660-5b02-4416-b91d-e5dccfd4133b,NY,0.692307692,0.462962963,0.323529412,24,13,17,-8
2018,b7f1fcb9-358a-4190-8ecd-40acdd831a04,POR,0.62962963,0.551724138,0.333333333,24,13,17,22
2017,2cb7bbe2-0ea1-4d12-9718-417d0765b638,LAK,0.608695652,0.44,0.25,21,12,19,-16
2019,d28a0551-b9be-40ca-932e-eb5c1ebfb32e,TOR,0.714285714,0.358974359,0.346153846,21,9,16,-11
2017,def1721d-c86a-4a14-b636-6490ad8ac4ab,MIN,0.8,0.5,0.347826087,22,10,7,6
2017,b8837622-24b9-4ac6-b8d3-1c291a44558b,BOS,0.782608696,0.571428571,0.451612903,32,4,9,5
2019,cdb2270c-7e7e-4b8e-81e7-efdc6d6a42dd,PHO,0.826086957,0.407407407,0.413793103,24,8,19,-16
2019,078378a1-6186-407a-ab37-5f35297e8e36,OKC,0.9,0.612903226,0.35483871,28,6,11,-3
2019,17274390-387e-464c-a615-47e37ec91057,MIA,0.785714286,0.557692308,0.303030303,24,5,8,-3
2018,e1b23f5f-7eb2-454d-85f5-1149481709c2,SAC,0.8,0.388059701,0.24,11,13,19,-15
2018,282035ca-b76f-4f41-bf1a-5668b0b8b0c4,ATL,0.782608696,0.589285714,0.40625,33,8,16,5
2017,78d18062-b19a-470a-94ca-ed3b22363c44,ORL,0.875,0.55,0.347826087,20,6,11,4
2017,2ab2e2ce-06b3-4a9a-bc87-9d79de706f4a,SAC,0.833333333,0.530120482,0.428571429,23,11,15,5
2017,a843ef7d-e561-42c7-a081-68e418ab06c9,OKC,0.555555556,0.390625,0.454545455,25,18,8,-1
2017,9074276b-919e-49e2-915d-0c8253d69fe0,MIA,0.666666667,0.520833333,0.378378378,21,10,19,11
2017,4484dbe5-def5-43ad-95eb-998c30c2a833,CLE,0.733333333,0.568181818,0.333333333,25,3,12,1
2017,98ccce63-c104-4e28-8930-579f5f692d7f,BKN,0.714285714,0.489361702,0.369565217,22,10,12,5
2019,e08a83a5-3cc6-47e6-8a2f-73a0bd7d2c46,CHI,0.764705882,0.629032258,0.36,25,4,12,2
2017,fa3235f4-95ba-4e7c-80e1-2cf7cd79209b,POR,0.95,0.483870968,0.315789474,11,10,16,-1
2018,875fc2bd-99de-4f89-8b6a-2ed2eb3dca32,ORL,0.612903226,0.463768116,0.28,20,14,12,3
2019,8ccdd6fa-70da-47d5-9c3f-ec9d41173d66,BKN,0.75,0.530612245,0.333333333,24,9,12,-3
2019,f3afd6d1-29b8-48d3-acae-dc829d68e3f4,MLW,0.702702703,0.482142857,0.516129032,21,7,10,5
2019,d3a7ae03-3fc9-431a-9b7e-a4ce702bf417,NO,0.692307692,0.551724138,0.409090909,32,14,9,15
2019,98d97756-ccbe-42c7-bf06-3c4ebd849c6b,MEM,1,0.603448276,0.285714286,30,14,14,13
2017,1c07d37a-a0d5-4f4b-b5d0-11595132526a,LAK,0.72,0.46,0.325,23,12,12,9
2017,6223aa7d-7d2a-4e6c-a10f-8bbfc61e323c,PHO,0.766666667,0.474576271,0.413793103,20,6,11,-11
2019,2aef88c7-37c0-42a8-a5b2-d1f8adc61afe,BKN,0.576923077,0.492537313,0.441176471,19,10,16,-1
2018,3c17827e-5a6c-41bf-bd08-13970bf6fe44,HOU,0.925925926,0.4375,0.395348837,25,12,14,12
2019,5062828a-9e34-48e1-bf4c-947d60164af6,ATL,0.84375,0.447368421,0.461538462,24,4,10,-8
2019,94d788c1-57f1-41d7-b93f-9c3d894d26ab,MIA,0.838709677,0.461538462,0.243243243,15,11,10,-8
2019,2c81ff8e-8cb0-45c7-9e31-3b4e9b2b8c0e,GS,1,0.574074074,0.3,25,7,10,14
2018,8750d67a-4e58-4063-bf48-0f31e63ab4ec,CHI,0.714285714,0.372881356,0.296296296,21,7,22,-39
2018,fa3c08ab-c087-487c-b9ca-73d90d3a2318,SA,0.722222222,0.5,0.575757576,36,11,16,26
2017,03e29154-263c-497d-b598-6fb43d06c548,IND,0.571428571,0.596491228,0.5,27,9,7,34
2018,4589ba5f-a317-42fa-8a56-127524bb7717,BOS,0.913043478,0.540983607,0.48,25,9,14,20
2018,c65cf516-807e-4743-bc02-d2e347a70e64,POR,0.869565217,0.551724138,0.5,28,11,13,27
2018,bb3e9bf4-7fad-4662-946d-c3a65cdc7db8,ATL,0.769230769,0.492537313,0.416666667,25,14,17,24
2019,3becc56d-e5f4-4b43-ac25-f3f388e0dddb,SA,0.75,0.566037736,0.451612903,28,4,17,1
2019,73d6ec78-65e2-4195-91a6-0fc4aa66192e,NO,0.655172414,0.5,0.444444444,31,18,18,15
2018,45e3271b-3971-41b6-b366-709e4fac4297,UTA,0.740740741,0.431372549,0.314285714,19,12,16,-17
2019,a405c9d0-45eb-4e7a-9941-29416828332a,LAC,0.833333333,0.53030303,0.173913043,20,13,17,6
2018,4a40322e-2206-4f1a-ba9d-b6e4afb42a67,OKC,0.8,0.593220339,0.222222222,25,8,13,17
2017,5d53e06f-a28e-4d86-bc78-a01c252338ce,TOR,0.695652174,0.517857143,0.380952381,27,10,12,4
2018,ad0d5fe3-362a-4060-b376-87e28d0c25ae,TOR,0.941176471,0.519230769,0.515151515,30,8,15,16
2019,836447f8-5774-4238-81a0-58c59798b608,TOR,0.888888889,0.625,0.386363636,32,10,17,46
2018,68e89d92-c304-44ec-bc5c-a44d77ad3958,CHI,0.823529412,0.457831325,0.52173913,29,15,13,6
2018,9c710680-56ee-426a-bb2d-7700e9a72b7b,TOR,0.75,0.49122807,0.28125,16,16,13,-12
2019,e3a922f7-b343-466a-b163-cd4df4a9a11c,SAC,0.884615385,0.5,0.257142857,18,17,10,6
2019,c343f246-d6dc-4caa-ae40-232f8f1febaf,BOS,0.814814815,0.428571429,0.432432432,23,11,13,5
2019,fd17db6a-b5c6-4b21-aad4-d17c042f2f93,MIN,0.785714286,0.510204082,0.30952381,26,11,9,-7
2018,49c38123-19fb-4e52-9460-ae44e969f326,MLW,0.714285714,0.683333333,0.35,36,12,14,32
2017,3b372c0d-3d2b-4ca8-9997-b2998e0efc21,NO,0.684210526,0.68115942,0.263157895,30,11,19,24
2018,7b6e020d-75fc-4369-8bec-f8c5be6a05a6,BKN,0.619047619,0.574074074,0.3125,23,9,14,-10
2017,aba8749e-d9c6-4eb9-adac-0eeba69039b5,DAL,0.6,0.432835821,0.310344828,21,14,12,-30
2018,65b9fc73-8e92-43d8-aed9-610084036a62,NY,0.88,0.603773585,0.272727273,22,13,14,-11
2019,3107d55b-0ede-4088-8ac3-b08403512838,SAC,0.75,0.6,0.304347826,26,10,15,-7
2017,64bbd1a6-982c-43f4-8848-1a2ca701a20a,NO,0.818181818,0.647887324,0.25,28,8,9,3
2018,1b76bc72-4639-4fe7-92fe-aa19c1ec380a,HOU,0.833333333,0.552631579,0.404761905,17,8,18,20
2018,90830bfe-3f1f-4a7d-bb5b-71ad0a7020c5,PHI,0.8125,0.613333333,0.391304348,29,15,12,22
2018,a8145fdd-dc48-45fd-988a-16485a4d125d,UTA,0.75,0.632653061,0.390243902,29,9,11,20
2019,4232a153-83df-407f-a4cf-69145e86e98f,POR,0.851851852,0.509803922,0.428571429,18,9,16,-8
2017,7e7cf6dc-517a-455d-8adc-118764172093,WAS,0.677419355,0.607142857,0.392857143,25,9,16,-8
2018,ec9a7eed-658a-47b7-9639-5b8b61056c91,CLE,0.894736842,0.470588235,0.318181818,20,17,18,3
2017,b760ede3-1b0b-4f2a-ba71-0a8a256e6efb,PHO,0.689655172,0.482758621,0.458333333,22,9,19,-15
2017,06784701-36c3-45ca-8573-4e88ca17a32c,TOR,0.727272727,0.575757576,0.4375,24,11,9,13
2017,466cc556-e7f2-4e39-b05c-66c7300d6f29,MLW,0.619047619,0.612244898,0.307692308,19,7,9,11
2018,6b3bc1e0-a299-495a-b324-f2055959fb51,CHA,0.833333333,0.507936508,0.24137931,22,9,18,-28
2017,ec2b405f-6fd0-450b-bbb3-4fdceaabb659,BKN,0.714285714,0.569230769,0.333333333,22,15,18,5
2017,b7f05ad7-babd-46ad-8b44-9cfdd57bf9e9,BKN,0.80952381,0.425,0.404761905,26,12,19,-12
2019,e3362764-485f-456a-af1f-a3a55e40f54a,TOR,0.736842105,0.37037037,0.357142857,21,17,13,-2
2017,ae51e525-b0d8-49b2-973e-817de1a4f19f,HOU,0.642857143,0.479166667,0.235294118,19,12,12,4
2019,b42bdbf0-78fe-453c-923b-0240c931cdf5,CHA,0.764705882,0.452830189,0.342857143,27,13,21,-5
2019,607ef573-1e55-42b6-8f61-496ebe389236,IND,0.85,0.566037736,0.285714286,30,8,9,22
2017,eb6196c7-9d01-4acc-b386-e9e1d9a70f75,MIA,0.65,0.4375,0.423076923,26,19,9,7
2019,5bd33d2e-5460-4ed2-b951-798e5959836f,NY,0.666666667,0.453125,0.307692308,21,10,18,-23
2019,8773bbcd-9ea4-446f-9f82-3da2c229b7e8,SA,0.8,0.543859649,0.46875,32,6,11,10
2018,0d653e46-6e26-453e-88e2-751f65f49f53,UTA,0.76,0.444444444,0.325,25,16,11,4
2019,9ad5934d-569c-4de5-a312-194edbea4301,NO,0.545454545,0.589285714,0.319148936,36,11,15,-11
2017,653eebb8-8fe7-48f4-92a6-f3eed6fd0068,CLE,0.763157895,0.407407407,0.230769231,18,7,16,2
2018,b0e5e7a3-de7d-43ab-952a-c2561838d319,BOS,0.8,0.638297872,0.333333333,30,11,14,16
2017,07b70cce-015a-4d96-8234-d46107e11064,BOS,0.8125,0.543859649,0.35483871,24,15,13,14
2018,efd715a4-9a32-4caa-90d0-ad059d1c7821,WAS,0.952380952,0.62745098,0.285714286,25,6,12,-5
2017,27325baa-36ee-49fa-9fbd-6527ff8ef214,CHA,0.695652174,0.436363636,0.321428571,16,9,14,-10
2017,39306eb5-fb9f-47a0-825d-6b08f8a515fd,DEN,0.777777778,0.542372881,0.37037037,22,14,21,-5
2019,6f78d42e-2f79-48ec-a48c-262eddfba95a,ORL,0.814814815,0.408163265,0.24137931,17,13,22,-7
2018,f96cd105-581d-45e5-b8eb-7ee0f5208235,CLE,0.740740741,0.46,0.275862069,16,10,17,-22
2018,780f5a8c-9887-48af-b833-00a2aa594bdf,SA,0.863636364,0.56,0.466666667,23,4,16,6
2019,a68e5343-7b24-42d7-a0db-678028f73c00,BKN,0.647058824,0.538461538,0.379310345,22,13,22,-6
2017,de805d69-c043-46ad-bc9c-7975f1ae9839,CLE,0.619047619,0.58974359,0.358974359,28,7,15,6
2017,606c848b-0f3e-43a7-81ad-d8346d98e2d0,PHI,0.888888889,0.423728814,0.411764706,26,8,15,18
2017,e16acb6e-ef82-451b-8ff8-cd0bd9945526,DET,0.666666667,0.46969697,0.225806452,23,15,19,-3
2018,52bf78b3-ff69-44c6-b049-a712b9f48f29,DEN,0.717948718,0.442857143,0.105263158,15,13,5,-4
2018,4cf64275-c3c4-4947-836a-e10b1a9d127a,LAC,0.673913043,0.491803279,0.36,20,10,10,8
2018,3b3da09e-ef14-4da7-8e5c-175ccb5effbb,ORL,0.916666667,0.543478261,0.289473684,21,9,15,2
2019,e15b6867-b42b-4420-b62f-9c1bdfb6637a,DET,0.636363636,0.49122807,0.305555556,25,9,11,-24
2019,b3ec059d-68ef-4921-a9a7-8229ad946c9f,TOR,0.823529412,0.549019608,0.263157895,20,9,17,-22
2017,5f416940-2c0a-47c6-9f92-95dc384a6d58,GS,0.619047619,0.695652174,0.416666667,28,7,12,19
2017,486380a5-e357-40e0-8172-410613942454,DET,0.72,0.444444444,0.4,19,15,11,3
2018,bdee1d70-9135-44ed-8509-8b90933be127,CHI,0.818181818,0.49122807,0.424242424,23,5,11,-1
2017,d61f81db-25e1-4afc-87fd-af6b214718f7,PHI,0.727272727,0.55,0.194444444,22,17,14,-10
2017,ec592608-23f9-46cc-942c-f822e1186931,SA,0.851851852,0.533333333,0.411764706,21,11,13,4
2017,908c30d9-c187-4b19-86ff-81b1fef8c256,PHO,0.833333333,0.484848485,0.1875,17,11,18,-22
2018,272c86fe-2c24-491d-ab8d-287b6727941d,ORL,0.76,0.690909091,0.486486486,35,9,19,36
2019,af3fe9ba-835c-4b11-a31d-c120b44f1c99,SA,0.736842105,0.474576271,0.333333333,22,13,15,-6
2017,b5f24200-b4e9-45e8-af90-667a3eccbf6b,SAC,0.444444444,0.523076923,0.260869565,23,8,13,-16
2018,7057f30c-c525-470e-b9a2-4d4b559d762f,IND,0.724137931,0.516666667,0.458333333,29,8,11,8
2019,08b1b862-c29a-4dd1-84c2-625905d3b462,BKN,0.75,0.475409836,0.297297297,19,11,17,-8
2018,f9d0c9dd-9834-43bd-bfc5-33d2b3f59fe3,DEN,0.657142857,0.62745098,0.352941176,30,12,22,27
2017,2c5959d9-8599-4db1-b7ec-772ab9e7c6f7,OKC,0.833333333,0.566666667,0.342857143,22,21,16,24
2019,b1b11306-4420-4b79-8178-e14ace5a5502,OKC,0.894736842,0.392857143,0.4,23,6,8,-10
2019,8322cce9-23d2-4628-a96c-d91f7c2f8c6d,ATL,0.571428571,0.42,0.292682927,20,8,18,-26
2019,bd5bf896-4926-4098-b5cf-67b0346a4af6,CHA,0.730769231,0.469387755,0.405405405,30,13,17,-2
2018,b7c9f2d4-7629-4a34-bc27-3c0a2b9f414a,CHI,0.823529412,0.483870968,0.346153846,22,8,10,-3
2017,4c2b11ac-ee2e-47f7-9439-9cef811f30f4,NY,0.777777778,0.5,0.461538462,24,12,8,23
2019,68bace42-24f2-451a-88cc-511b5842bab3,NO,0.740740741,0.549019608,0.4,31,8,17,-5
2018,479f8e1b-29c3-4c65-9e18-c2d86348c715,LAK,0.65625,0.589285714,0.3,23,9,17,11
2019,8a18fdc4-bd0b-412e-983c-2310d2676094,POR,0.823529412,0.518518519,0.485714286,20,9,11,16
2018,50fce1e2-6da1-4997-aa23-11bba237bdd9,MIA,0.730769231,0.512195122,0.3,21,10,23,-7
2019,6cc30918-302c-4447-92a7-cfda0fe731de,NY,0.642857143,0.532258065,0.388888889,29,9,7,24
2017,97e31e66-4007-4f34-ae8a-48df06ed37fa,OKC,0.476190476,0.476923077,0.272727273,21,15,20,3
2018,8e2df594-a299-4bf1-824a-488a924b512a,DAL,0.8125,0.545454545,0.470588235,32,9,5,5
2018,af30b597-d557-4fc9-803d-429f9cf1cdaa,HOU,0.85,0.531914894,0.375,22,11,10,27
2017,0f62af32-64d6-4091-bda9-ddb7bc562dc5,POR,1,0.435483871,0.3125,17,14,11,14
2017,a84bef0d-0228-427a-9102-b107e7d3a0c8,LAC,0.846153846,0.666666667,0.387096774,29,5,15,21
2017,980983cc-5aab-4329-8c29-4cc3099721b7,BKN,0.882352941,0.5,0.457142857,24,10,11,-10
2018,7f1b21e1-3fd6-40e1-9943-3fcd3e840063,IND,0.75,0.508196721,0.4,31,14,16,16
2019,d6d15921-23f3-4c97-9dc6-91f58ff9d26f,CHI,0.741935484,0.456521739,0.382352941,23,11,15,-7
2019,a37e7dd3-c019-4306-b529-018fa7c6a690,POR,0.631578947,0.518518519,0.433333333,20,9,10,3
2017,bbbf91f0-e71d-43f3-aa34-435e3d5a35c9,MEM,0.84,0.480769231,0.371428571,27,11,14,-1
2017,37b1f803-3390-42e4-80df-b3d0d93b1038,DAL,0.842105263,0.463414634,0.5,27,7,16,32
2018,a30f787b-1e07-4e21-9bc3-a0a6d1dec043,DET,0.636363636,0.535714286,0.542857143,34,10,7,23
2017,38dc7110-cf68-4bde-b5fe-9aa057277ef3,MEM,0.875,0.549019608,0.285714286,22,6,16,3
2018,b296bb29-8627-42c2-b559-74e40ee9af92,LAK,0.6,0.592592593,0.340909091,30,12,14,7
2018,288c7a6c-3246-4036-89f2-367f44a6577b,NO,0.681818182,0.620689655,0.382352941,32,10,7,-3
2018,2927069b-5142-4e72-92d8-a8f34709463d,ORL,0.909090909,0.473684211,0.44,25,9,15,7
2017,1400a4a1-1e0c-4675-9d92-27c985714f0b,NY,0.75,0.440677966,0.148148148,17,7,11,-24
2018,d9074299-3f12-4b30-be08-75b55183084c,LAK,0.75,0.492537313,0.588235294,23,8,20,1
2019,cece1a80-c525-4d2d-b71a-6b6a42b4ff61,MLW,0.793103448,0.535714286,0.317073171,21,15,9,4
2017,66c13b54-b5bf-4e54-98ac-75d05f8bbe2a,IND,0.8,0.509433962,0.352941176,21,7,13,2
2017,3f00c61c-3ae9-471f-a5c5-2d9b72809395,PHO,0.777777778,0.467532468,0.315789474,18,16,16,9
2017,47334d59-df86-47ab-9bc0-617b85686a2c,OKC,0.725,0.557692308,0.423076923,23,11,11,9
2017,2896cc46-0a6a-4363-af22-800e80009a09,CHI,0.7,0.407407407,0.4,27,9,9,-5
2018,49288424-b789-4781-bfc3-f30525afdba0,BKN,0.636363636,0.517241379,0.37037037,25,14,17,8
2019,f8cb8408-783e-483f-938c-c92106c3ab5d,BOS,0.833333333,0.532258065,0.3,32,13,12,3
2017,dc722978-0c81-4f41-948d-ee1876a2b956,OKC,0.730769231,0.452830189,0.419354839,20,11,14,-11
2018,899bd498-e07a-4a38-808b-622c10d41c89,BKN,0.821428571,0.466666667,0.119047619,23,16,13,-19
2018,35442428-25f5-4850-a5b8-8a4b1a084dbe,CLE,0.869565217,0.595744681,0.448275862,24,8,16,-8
2017,5b915ccb-b4d9-43a0-80b0-c651384df72b,CHA,0.642857143,0.4,0.225806452,18,13,6,-2
2017,1b8062c6-9c88-475b-90ef-6d22b87d4a4f,ATL,0.833333333,0.428571429,0.419354839,26,13,15,-12
2018,74b8895d-0b06-403d-9ac1-2823f1674112,LAC,0.789473684,0.435483871,0.45,22,7,17,-11
2017,cd9fd0a3-2f3b-4fea-b73f-d9788546f639,CLE,0.714285714,0.526315789,0.235294118,18,13,15,-16
2018,b3eb6d1c-885e-48b0-8b86-89ec9b1fe7dd,MEM,0.903225806,0.490196078,0.290322581,23,6,10,8
2018,cc3eae54-d948-4d92-99a0-f1fdacfebbb0,GS,0.7,0.518518519,0.388888889,26,9,17,-6
2018,0b16ea1b-b425-4eca-9df0-723b62952444,DAL,0.705882353,0.465517241,0.305555556,25,15,13,6
2018,908a85f9-5d07-44ec-9d1b-95b116f907cd,WAS,0.761904762,0.566666667,0.481481481,26,11,18,17
2017,7078cf62-599f-4554-a6eb-ba73b2619bde,ATL,0.909090909,0.6,0.375,26,4,9,-13
2017,c3e87633-18ac-4afa-804d-e8050c64000b,LAK,0.884615385,0.49122807,0.423076923,19,12,14,19
2018,57989863-3aea-4279-9755-62ab02d63ceb,PHO,0.777777778,0.46,0.342105263,19,9,16,-14
2018,61ddf156-c095-48b4-b701-807425ab1987,NY,0.75,0.446428571,0.352941176,20,19,16,-3
2017,c4d1603d-5993-4ef3-8b07-54047d1be32e,CHA,0.742857143,0.516129032,0.304347826,21,8,12,-18
2018,9b6f669f-66b0-4948-a611-9afce21374b6,HOU,0.714285714,0.43902439,0.351851852,22,19,9,7
2019,70b9902c-85f7-49f7-a3d2-cfb266d9ff1c,HOU,0.848484848,0.630434783,0.227272727,21,9,14,4
2017,5e5ccdba-62b8-49ee-a782-0681066ecbf9,LAC,0.676470588,0.528571429,0.352941176,25,15,10,-19
2018,f709142e-d7a1-4ef5-b1ff-8b1dff6438ee,TOR,0.590909091,0.666666667,0.425,36,5,14,36
2017,a7065aa0-c4ee-4614-9ae5-4940f2e814fc,DAL,0.941176471,0.411764706,0.297297297,21,8,15,-6
2019,9d9474a8-5b84-419f-aa14-b67081dd90b4,ATL,0.653846154,0.573770492,0.216216216,27,13,10,4
2017,77b54cea-32ed-4e9c-ab4c-89412d3ff002,IND,0.761904762,0.383333333,0.588235294,18,8,14,3
2017,a2d61cdf-b184-47b9-bfe4-e0edf0b8e73d,UTA,0.818181818,0.509433962,0.24,15,8,19,-19
2018,2ef398d7-4dcc-43a3-a8da-2a2486bddf25,MIN,0.714285714,0.653846154,0.258064516,23,7,22,7
2018,22a3e467-ff1d-429a-845d-013eef910dd0,CHI,0.8,0.5625,0.344827586,21,9,14,2
2018,5fe107ad-5138-40ed-a324-6259be237cd0,TOR,0.888888889,0.586956522,0.341463415,32,10,11,18
2018,15a01dd0-d5ba-40fe-9a22-14f6da237f0b,OKC,0.727272727,0.380952381,0.3,19,17,14,4
2019,8963dffc-d6f4-42e5-8358-9dcaddb0af03,PHI,0.695652174,0.369230769,0.5,24,8,14,9
2018,6823767d-8397-4ec3-904f-b7d2cbdf39ee,LAC,0.75,0.446153846,0.523809524,21,18,21,16
2018,bd22178c-9112-4e2e-8df5-f40df2fdf60b,MEM,0.75,0.5625,0.481481481,22,4,16,9
2019,51b41ef5-99e3-4acf-bc02-9804c39b3da2,CHA,0.789473684,0.529411765,0.444444444,27,7,15,-2
2018,516fdaf7-d5fd-4727-be9a-a7cb16e85b6f,IND,0.65,0.436619718,0.315789474,19,7,8,-10
2017,481725bd-0062-4fcd-868a-5925910ac8e0,HOU,0.909090909,0.558823529,0.285714286,19,7,13,9
2019,df2d915a-4d52-4257-8b63-4c18c48a6869,ORL,0.75,0.5625,0.297297297,21,9,10,-13
2019,3dce9d0c-80c8-4ca0-a8b3-031355c386a5,HOU,0.741935484,0.648148148,0.227272727,26,15,11,-14
2019,25dc8eaf-6c41-47e0-b7c7-4196fd89e755,OKC,0.794117647,0.65,0.291666667,25,6,12,4
2019,37ee2390-b133-4c01-92fb-e83014fed2d8,TOR,0.8,0.511111111,0.435897436,29,10,11,20
2018,f5d25bec-d3b6-43f2-a686-1ba944d4aac9,ORL,0.588235294,0.379310345,0.387096774,19,11,11,-39
2019,49b5cd36-dca7-4344-a2c3-49b06f311e4d,UTA,0.642857143,0.468085106,0.358974359,20,7,14,-3
2018,b39de59c-ea8f-4dbc-bff1-f6a8b04ba83d,LAC,0.909090909,0.50877193,0.451612903,30,13,12,11
2017,c62cd2f2-5e31-4493-ab5b-540cef914398,NY,0.5,0.614035088,0.366666667,26,8,14,-14
2017,e5de5956-442b-47b0-9824-273228498127,SAC,0.647058824,0.420289855,0.52,28,17,11,-5
2017,338444b6-7c43-4a8c-8a7c-8cd5e153724c,POR,0.9375,0.507692308,0.266666667,30,13,10,9
2017,23a6b976-5031-4d1a-9c6a-a455e257ab4e,DAL,0.789473684,0.558823529,0.475,22,3,17,-2
2017,43d3254a-46bf-47fa-b2d2-a9d9d5c8a80e,UTA,0.9375,0.561403509,0.375,28,6,15,10
2017,bc32f118-0cde-4093-ba87-3d39fafa1e89,LAK,0.5625,0.602941176,0.375,36,13,15,18
2019,7b835dbe-11ee-45bd-9245-19d7514bd28b,MLW,0.826086957,0.462962963,0.428571429,26,8,13,12
2019,bfd467ee-5960-41bc-9e2b-f4573a80fb05,MLW,0.846153846,0.5,0.28,16,17,14,-2
2018,5b4434dc-1d26-45a4-9dde-98d2a4ba60d9,IND,0.857142857,0.433333333,0.357142857,18,11,12,-4
2019,548b6521-678d-4c06-986f-2cc341a2284a,LAC,0.740740741,0.523076923,0.192307692,16,11,11,6
2019,6e6d5014-535f-4fae-90b2-131954bbe2eb,GS,0.733333333,0.52238806,0.27027027,27,14,8,-2
2017,7189fdfe-60b0-4be1-bb5d-743d768978c5,MIN,0.6875,0.434782609,0.5,27,11,6,12
2017,083d9f80-c678-456c-8bf1-68c8f3a94f19,SA,0.85,0.544117647,0.233333333,28,12,16,-4
2017,012a229b-9d3e-4930-989e-6c226e38838a,DAL,0.736842105,0.48,0.292682927,22,5,12,-4
2018,3e9fb33c-c753-418b-80b0-e4b18be3ca8c,MEM,0.714285714,0.420289855,0.322580645,22,19,9,-15
2017,a17c0c0d-18f2-4182-afee-779b026cc442,MEM,0.8125,0.463768116,0.263157895,21,14,9,3
2019,8e3b001f-7f92-47a6-914b-003bbb191df8,DEN,0.916666667,0.557377049,0.357142857,27,10,15,9
2018,f78fa178-9dab-43c2-a4f5-9fc0b374f2e4,SA,0.72,0.513888889,0.421052632,15,11,11,14
2019,05279d4c-2c55-44c5-9a81-4531f156e319,NY,0.6,0.471698113,0.375,30,10,11,-7
2019,32c5e17a-608e-4fa6-b0b5-940825b39122,LAK,0.714285714,0.551724138,0.295454545,27,14,16,9
2017,c202aad8-d436-4075-bd54-2311cf7d2c66,PHO,0.76,0.557142857,0.208333333,13,12,15,-16
2018,d13e2b60-11dc-45b3-a0e8-19f25b361587,POR,0.7,0.543859649,0.390243902,31,6,12,-2
2018,5d1e3427-88ee-4ca0-bb21-5fd717610b7c,POR,0.727272727,0.550724638,0.171428571,20,16,14,-4
2017,03237bd1-8786-4f26-b010-779ff8b70905,MIN,0.935483871,0.545454545,0.25,23,11,10,8
2018,cfa30fa7-bf9e-4bfc-8cec-780eb65c1154,DAL,0.75862069,0.41509434,0.421052632,21,18,12,-5
2017,710c57de-1d39-4713-80bb-d78d6f493c6c,NO,0.789473684,0.543859649,0.515151515,40,6,10,15
2017,6e0428bb-9b4c-45c9-9bbd-5b949fd2895c,DAL,0.689655172,0.520833333,0.423076923,20,4,11,9
2019,9f74212f-a3b7-4ae9-9b78-faf56f15723c,IND,0.909090909,0.536231884,0.375,23,10,12,-3
2019,7668ce1e-e8f3-4e9d-92b4-b76a9f53f568,PHI,0.794117647,0.541666667,0.264705882,12,8,8,-4
2017,840759e5-ac52-4a2f-be77-73b65fdbb14f,CLE,0.666666667,0.549019608,0.294117647,22,14,20,1
2018,c24c7e0a-b452-4111-8698-9f80a03e2e6b,BOS,0.777777778,0.549019608,0.225,21,9,12,-3
2017,d8b0a612-3c3d-44f6-bcf4-a59e0a4593b2,SA,0.827586207,0.509090909,0.222222222,18,11,8,13
2019,282d74a3-b433-453a-bb3d-26024dfea5c1,ATL,0.903225806,0.514705882,0.35,29,11,14,5
2017,a5cc7cf7-6747-42e6-a305-438d63c7b17f,BKN,0.863636364,0.4,0.193548387,11,12,16,-2
2018,714493d8-b343-4ac9-96bb-f133d8db5f9b,DET,0.947368421,0.534883721,0.378378378,25,11,23,11
2019,d1501c3a-e739-4844-b724-2b838eccf26a,MEM,0.782608696,0.367346939,0.408163265,27,11,13,-13
2018,e2fb5b50-2aa3-4a5a-b07a-fb7e732cff7e,GS,0.714285714,0.533333333,0.133333333,22,8,10,-35
2017,caafe834-358e-4aeb-9cce-7ba1d7209e90,UTA,0.80952381,0.510204082,0.272727273,25,12,16,-3
2017,8119d012-eea1-4061-912f-261b03971d11,HOU,0.75,0.586956522,0.382978723,22,5,19,23
2017,a423c44b-5204-4f81-a1c2-2eb13769eec4,DAL,0.772727273,0.462962963,0.264705882,19,9,15,-5
2019,b06ce0ff-46f7-4fca-a4ad-f83ae7f70310,ATL,0.807692308,0.523076923,0.341463415,26,15,17,-5
2018,fce2f371-55e1-4b2c-8858-320e9b8adc07,UTA,0.75,0.465517241,0.323529412,22,14,16,6
2017,4b622b71-759b-46a9-b5aa-792e35ff140b,WAS,0.76,0.548387097,0.4,26,14,11,-5
2019,bbff52be-7a6c-4539-913d-aa31fe6033f1,BOS,0.862068966,0.545454545,0.315789474,29,13,11,13
2019,7ef331cc-cdc3-4c02-b4d7-3f0258a64d7a,POR,0.727272727,0.488372093,0.452380952,20,5,14,6
2019,340b95f9-b44a-47df-b91d-c9f2f810c164,SA,0.823529412,0.529411765,0.172413793,25,8,6,-12
2019,03f0ead0-3e93-42eb-a26b-03220829140c,SA,0.9,0.540983607,0.40625,28,9,22,18
2018,e653b8e1-5af3-4ebc-96e4-58f17884e75a,BKN,0.909090909,0.6875,0.4,34,10,13,17
2018,a24b7831-5d4b-4a28-8b62-ff68e82f14d5,PHI,0.68,0.581818182,0.515151515,39,13,19,17
2017,1bbba59f-2b2f-45f1-bbea-f74a2afb1dc1,IND,0.78125,0.647058824,0.264705882,29,14,14,9
2018,3ea2cedf-30a1-456e-ab93-c2ff20baa85a,GS,0.772727273,0.542372881,0.357142857,31,8,18,-23
2018,326451f4-94f5-495e-be0e-3211e3a57f60,MIN,0.8,0.492537313,0.25,22,12,15,2
2019,6a0d7cbf-4c54-4c47-b529-b488ddc660e1,SAC,0.722222222,0.522727273,0.487179487,22,3,10,4
2017,dc03882b-3f5d-4428-a2f0-784c2c7bf4c1,POR,0.818181818,0.444444444,0.347826087,17,12,10,-4
2018,78209f4d-4666-4ab2-888d-e89b42c2447f,MLW,0.769230769,0.466666667,0.411764706,24,10,15,14
2017,97e6f4d7-a67b-4d58-955d-01a6704aba5d,CHI,0.8125,0.520833333,0.28125,23,9,14,-11
2017,0f660f4a-2202-4437-8e36-283bc9ab0cc5,MEM,0.75,0.64,0.484848485,36,8,12,13
2019,ffe952d1-c10d-431c-85c5-91c0d5079afd,OKC,0.676470588,0.529411765,0.341463415,20,7,15,12
2019,b4aa790a-2732-479c-8d38-dac62a4c75a1,SA,0.833333333,0.442622951,0.419354839,22,14,8,-6
2019,c866d068-19a9-40e6-9705-72fe3c0dfc3c,UTA,0.733333333,0.480769231,0.513513514,23,15,15,10
2018,05424bee-ba02-4e38-8470-f0cdf4f8e61d,SA,0.9,0.586206897,0.481481481,32,8,12,18
2018,51dc9fe2-bc55-4c6d-bece-2ee6a3b9e500,WAS,0.619047619,0.58,0.428571429,27,8,14,18
2019,cadf4fad-cdd5-4e1c-9c5f-5f851dada56e,ORL,0.785714286,0.465517241,0.25,28,10,9,-16
2017,ddccb783-ced4-4a15-a961-6b2fa6053fe5,CHI,0.766666667,0.561403509,0.346153846,22,5,11,1
2018,f2a3d02c-0111-429c-9501-32beb5aac489,ATL,0.894736842,0.523809524,0.315789474,29,16,14,-8
2018,2199391d-f2fb-484e-9e83-a8ae2d5f022a,BOS,0.846153846,0.459459459,0.436363636,30,8,12,4
2019,d3914a4a-acb0-4601-9e11-3c31a47a5c93,WAS,0.869565217,0.492753623,0.363636364,18,8,18,-13
2018,dd3b4687-4d4a-4be6-a26e-1803b4173923,HOU,0.565217391,0.396226415,0.23255814,18,20,11,-19
2018,294ed8bc-d9f6-4278-ac43-d935ae93cbf9,ATL,0.785714286,0.603448276,0.377777778,35,15,11,21
2017,003854c9-101e-4401-9b9c-99f722140d1e,ORL,0.692307692,0.695652174,0.433333333,28,2,13,13
2017,220ed7c5-c307-4bec-8b44-ec696e45a506,PHO,0.75,0.50877193,0.285714286,24,8,13,-17
2019,acf07be0-857d-466c-ba6a-9bce2ec9f0c7,DEN,0.730769231,0.537313433,0.15,22,19,15,-16
2017,6df340d6-c1a1-4436-a940-665493c595f0,UTA,0.815789474,0.54,0.25,21,8,15,6
2019,1c8cda58-0574-4b80-9ec0-cafcc13ab917,UTA,0.75,0.5,0.456521739,28,11,12,-8
2018,80d788f4-58f9-4832-91d2-1f2f02409e92,ATL,0.8,0.465517241,0.315789474,19,18,24,-19
2018,0c65253f-afd8-41f1-8c0e-1e85673b6ba2,OKC,0.709677419,0.53030303,0.37037037,26,9,12,6
2017,025296ca-067f-49b9-a135-dc58171ac872,POR,0.75,0.423728814,0.307692308,17,15,12,-2
2018,687719c0-6a9a-4294-93ef-3e1e19e3c56c,BOS,0.8125,0.525423729,0.2,23,11,8,-19
2018,9d3c04c7-51c8-4992-aeff-cdef72b551c6,CHI,0.95,0.424242424,0.25,23,11,17,-7
2017,3aa3875d-1a34-4849-993a-d41aed51f473,CLE,0.793103448,0.543859649,0.333333333,24,8,15,5
2017,2f4358ed-3d44-47e4-9b2a-5a82dcca5ba1,BKN,0.954545455,0.4,0.355932203,30,18,15,-10
2017,95a35dbf-f5d1-4aaf-8e28-fdf85578e014,MIA,0.75,0.490909091,0.333333333,19,11,15,1
2019,3615bde1-d67a-48e3-9c24-79cc1edb7298,OKC,0.785714286,0.515625,0.222222222,18,18,11,5
2019,81d6087a-8732-4267-a3c0-755133b97345,PHO,0.947368421,0.530612245,0.452380952,29,15,12,10
2019,3401f3e7-7add-4669-91dd-2878a6312096,SAC,0.684210526,0.480769231,0.285714286,20,11,15,-18
2019,34a06890-1fe4-43d1-a54a-fb5cbdea99b6,GS,0.833333333,0.446153846,0.260869565,20,11,8,-33
2017,3ab5557a-ebe1-493c-9092-4feb50045047,HOU,0.689655172,0.488372093,0.368421053,22,8,10,1
2017,db183f0b-ae71-497f-b4fe-774047743e11,GS,0.916666667,0.381818182,0.34375,20,13,14,17
2017,66b6d959-3226-42f3-9884-6b65a78a4495,LAK,0.785714286,0.507692308,0.461538462,30,11,14,20
2017,58db1251-de36-4027-b845-a0e110cc76eb,CHI,0.75,0.421052632,0.261904762,23,16,17,-6
2019,a48a1714-6169-404e-87fa-ae5e9e5f6be1,MIN,0.666666667,0.509803922,0.590909091,39,9,12,27
2019,cc62c95b-3758-4838-8a01-f07d5d5dafc7,ORL,0.833333333,0.490566038,0.416666667,27,7,10,-7
2019,b98c966c-3c0b-4936-b4a1-b7f04e2008eb,DAL,0.9375,0.436363636,0.512820513,26,10,9,23
2019,9bdd67b5-44d5-4b98-b043-425b5c164fae,DEN,0.740740741,0.5625,0.310344828,28,10,10,9
2017,55e95b17-9080-44fc-8376-2bf73a5444aa,WAS,0.782608696,0.419354839,0.36,18,9,12,-6
2017,8cdd4b20-6842-4481-af85-8953355486ee,WAS,0.714285714,0.561403509,0.4,29,10,16,10
2018,df36d5fc-07a9-4523-bd3f-8dde4b384c5c,ORL,0.846153846,0.673076923,0.40625,35,7,15,14
2018,24d7121d-75ad-441b-97f1-70852c76352c,CHA,0.9375,0.639344262,0.4375,30,11,10,29
2019,3eada1aa-dd7f-40d2-98c5-b0e21e4d3dd4,MLW,0.730769231,0.413793103,0.272727273,20,13,11,-9
2017,c77ec66a-4f72-403b-ba2b-a57bf7652cc6,MIN,0.85,0.590163934,0.476190476,29,8,9,23
2018,ec238111-38d8-4cab-a599-3166f2acb418,BKN,0.838709677,0.622641509,0.35483871,34,9,9,7
2018,e878d763-cefd-4550-8315-9967ccf926c2,DAL,0.666666667,0.422222222,0.175,17,13,10,-30
2018,9d7cda1e-466a-49c1-b443-7b8ab11b3df6,CLE,0.947368421,0.446153846,0.277777778,18,13,13,-19
2019,3e3622a1-b831-470d-9b31-566f56fc6185,PHI,0.692307692,0.456140351,0.40625,30,10,10,5
2017,5fc2dd86-5f2b-45c8-9a5e-e2d8a00ddfce,GS,1,0.563636364,0.5,26,2,18,-9
2019,98424dbf-9b66-44f8-8226-78692e1e6a32,TOR,0.636363636,0.54,0.323529412,27,8,10,5
2018,79057667-b637-4198-bb50-cdf40975cea3,NY,0.814814815,0.436619718,0.310344828,27,14,12,-15
2019,b5be4199-8712-4fc2-a75c-e0f56100d7dc,CHA,0.611111111,0.564516129,0.179487179,26,17,15,-2
2017,0ef34e1d-46b5-4549-844b-0c3b865205e8,ATL,0.818181818,0.62745098,0.416666667,29,6,15,5
2017,965713f8-54f2-41fe-a9be-1c52c0382a38,DAL,0.833333333,0.446153846,0.375,17,8,6,6
2018,453ab880-1142-40b0-9705-a0372164f377,ATL,0.6875,0.490196078,0.357142857,33,9,18,8
2017,a882fa04-0a9e-4f1e-978c-cfb48f5237d0,TOR,0.818181818,0.534482759,0.424242424,25,6,12,4
2018,76e39419-2f0b-4470-906e-88ac4cd1feaa,CLE,0.777777778,0.436363636,0.363636364,22,10,17,-35
2017,80a48390-87bb-4fef-a754-9d8cd1f2084e,ATL,0.863636364,0.547619048,0.475,32,5,15,-7
2017,4d15bf80-18ce-460c-87c3-99b0e1463b04,ORL,0.818181818,0.595744681,0.32,19,5,14,7
2018,1c8c3403-fa3f-407a-b5a2-f81c83ab31a5,UTA,0.6875,0.425925926,0.357142857,24,15,16,18
2018,936b6a71-d745-4370-b15e-9a5cabc3c5d8,NY,0.666666667,0.423728814,0.285714286,16,13,9,-8
2019,976f669b-ca21-4f85-9d2e-11264257a0eb,BOS,0.833333333,0.462962963,0.413043478,32,14,15,-3
2017,ba483b7e-b431-42e4-a073-2c9be4e82797,MEM,0.818181818,0.413793103,0.228571429,17,11,7,-5
2017,c35ea8fc-0c7d-47d1-9744-879f648c5637,NO,0.727272727,0.576923077,0.36,26,2,15,-11
2018,2c5081ee-d5b9-438f-a1ec-d89774d77fc1,OKC,0.666666667,0.5,0.333333333,24,11,14,5
2018,45bbf808-49b8-475d-a9d1-16a3f7e62ac6,MIA,0.72,0.564516129,0.310344828,28,11,16,6
2017,96489f5f-1bcd-4b35-ba4e-758b6256551f,ORL,0.652173913,0.442307692,0.275862069,13,11,16,-40
2017,bd75cb95-fe9a-4c80-85de-d273cc6fa132,NY,0.727272727,0.493670886,0.409090909,25,15,14,4
2018,24c2947b-4e7d-4781-998d-188f2846bbb8,DAL,0.711111111,0.5,0.352941176,21,8,19,10
2019,64f0ce39-7283-4084-af41-f8cc77a47f14,MEM,0.736842105,0.574468085,0.379310345,24,7,20,-5
2019,ed4dcc9f-ed51-40e9-9aec-04200cee4395,OKC,0.882352941,0.557377049,0.290322581,23,5,7,-15
2019,837b0c71-6142-402a-b71a-e58950e0bd63,MIN,0.823529412,0.596491228,0.323529412,25,13,10,15
2018,0ce938e8-6e2a-40a5-b53c-5c572de8bf5a,CHI,0.736842105,0.527272727,0.444444444,27,9,8,-5
2019,8eca2b2f-71fa-4eac-ad91-9bb9cea10413,UTA,0.88,0.625,0.279069767,25,7,21,-8
2019,83070c2a-0df7-496f-9a11-ce9e6369d3ec,HOU,0.894736842,0.461538462,0.346938776,18,11,12,2
2019,12f25ee1-02cb-4b44-9e84-449856e51b57,MEM,0.681818182,0.541666667,0.260869565,26,15,12,7
2017,b5d91810-2129-4650-983e-c8105b5b09af,WAS,0.785714286,0.648148148,0.291666667,22,11,23,19
2017,7a093e6c-772e-478e-8376-df6844e85276,NO,0.8,0.451612903,0.153846154,17,10,19,-26
2019,2c36aa95-fe2a-4fab-a0b5-b1420e9981cd,DET,0.791666667,0.432835821,0.34375,27,5,9,-7
2017,a4228fb8-a459-4e10-978a-03693b3b5061,MIN,0.884615385,0.506666667,0.19047619,20,16,5,14
2018,b1a10dcb-a5e7-4ef7-a116-09a4f589e70d,DEN,0.933333333,0.527777778,0.36,28,16,11,32
2018,72280541-a810-45b8-9504-2e35f26fbf46,ATL,0.777777778,0.528301887,0.472222222,33,11,19,-8
2019,999d0c07-ca97-481d-8727-6c883a7d7d08,ORL,0.583333333,0.5,0.2,22,11,9,-8
2017,75f46c3e-a727-4f38-9ee2-0b61fce30c56,UTA,0.678571429,0.607142857,0.37037037,27,10,9,22
2017,93849f8b-26e0-471d-af62-85b6add8b6b9,GS,0.818181818,0.6,0.47826087,30,5,17,13
2018,d25883f4-5529-4714-840b-d8723ba281c0,IND,0.538461538,0.649122807,0.384615385,29,13,20,28
2017,6f9bf98d-b885-4fa6-8e7d-2e955154fe0f,CLE,0.851851852,0.571428571,0.394736842,24,12,13,7
2019,a101a45f-b3ee-4e02-b92e-16bc524c6d55,ATL,0.533333333,0.62962963,0.3,22,9,18,4
2018,78275b8d-bf64-412c-870c-f1598e046e96,CLE,0.884615385,0.436363636,0.382352941,22,13,7,-13
2019,37d56efd-8d25-4116-9349-a6d76a21e19e,MLW,0.71875,0.526315789,0.41025641,22,8,13,7
2019,79c591a6-d221-44dd-ad0e-fc53e17ef75a,OKC,0.636363636,0.466666667,0.217391304,14,7,18,-12
2019,49fb904b-0a81-4fa1-af2a-cf8d1f5d8b2d,WAS,0.8125,0.476190476,0.407407407,25,13,11,6
2017,30f3ed93-06dd-4437-a8ae-493513dba1f9,CLE,0.764705882,0.508196721,0.290322581,20,15,13,-8
2018,f8a766c0-a9f9-42d4-8048-7d97dfa546bc,LAC,0.888888889,0.450704225,0.347826087,26,8,11,5
2017,63f14a12-dee9-4a33-b8e8-9517ac70d7b8,CHI,0.75,0.62,0.379310345,25,9,20,9
2018,3eac0f29-1424-4ebf-a2e7-fcba6967fd23,MIA,0.695652174,0.421052632,0.3125,22,11,12,7
2018,963256b5-c679-4a95-94c6-387c14ae294a,LAK,0.642857143,0.610169492,0.285714286,28,9,19,-15
2017,c7e4805e-b222-40e1-9383-16596278896f,GS,0.722222222,0.4,0.461538462,21,9,11,-5
2017,651ef51d-54f7-4803-8b88-45bf3701acce,UTA,0.769230769,0.471698113,0.28125,26,9,11,7
2017,b2b334b9-80ac-4637-964f-4d2a40270a75,ORL,0.909090909,0.533333333,0.3125,17,10,20,-17
2019,9a216ed1-2196-4f7c-867a-63c263f7e9ce,POR,1,0.546875,0.466666667,23,10,9,17
2017,bb1b85f9-ffb3-42e9-b213-543d90a72877,MIN,0.956521739,0.557377049,0.260869565,22,9,8,-18
2017,32f8b064-cfcd-434f-83c2-e59da8e11650,IND,0.666666667,0.5,0.35483871,18,11,13,-5
2017,1a6a9b81-d767-4a69-b4e9-ef08ac2c487c,HOU,0.736842105,0.613636364,0.409090909,29,8,4,18
2018,8c36881c-8eb1-403d-aa0a-12fbfcec4f6d,MIN,0.666666667,0.62295082,0.48,19,7,15,3
2017,39dcfe86-fa5a-4f17-bb35-6045a641b630,MLW,0.689655172,0.62,0.272727273,24,9,11,-6
2018,f15770df-8dfa-4abe-975e-3c6c068aaaba,HOU,0.88,0.403508772,0.365853659,21,16,13,-20
2018,5737738a-3dfa-4809-a2fe-b6c8ffc67d9a,SA,0.733333333,0.521126761,0.413793103,24,8,4,7
2019,a9ddf708-4c93-4dfe-875d-a346a30ccea3,MIA,0.863636364,0.625,0.305555556,28,3,12,-7
2019,89f07f9b-f81a-44fa-8283-349a5a2601be,CHA,0.827586207,0.423728814,0.35483871,22,13,11,-15
2017,c2042ca4-1d88-45aa-861f-f2471798b87f,MIN,0.625,0.573529412,0.37037037,33,16,12,10
2017,331adc88-8c61-4ee4-8876-5b48fdeb0889,MIA,0.8,0.490566038,0.3125,18,13,13,-15
2019,e03b8925-cd0d-4ffc-84df-08c2e65826a0,POR,0.8,0.457627119,0.371428571,19,12,14,7
2018,a6cb37dd-3380-41f6-9a86-87ded69e9430,MLW,0.666666667,0.744186047,0.227272727,30,7,14,-2
2019,86fe50fd-870a-45b9-8c0f-530b40b4b863,TOR,0.75862069,0.477272727,0.25,22,7,14,-18
2017,0a3b0e49-2c9d-4c53-9f49-ba25cacfd3bf,UTA,0.769230769,0.636363636,0.371428571,25,12,15,40
2019,ae60792c-5bea-4c95-a90b-4a14022c2e4f,OKC,0.9,0.551724138,0.346153846,25,8,11,-7
2018,7e3b767c-d364-459c-88fd-fc77e1a39b26,BOS,0.9,0.533333333,0.325,29,16,17,8
2018,a49f3b5d-b581-4a0a-bd36-470ade620399,GS,0.833333333,0.563636364,0.305555556,24,18,12,6
2018,8cf8efa1-10be-46f7-881e-8d8396b009f5,MLW,0.647058824,0.58,0.418604651,28,11,16,19
2019,6f2a3276-2f85-4d68-a911-f63dc5d487f1,PHO,0.789473684,0.563636364,0.4,31,12,9,16
2019,416cc78c-dd6a-4278-b846-21184c3ef85e,UTA,0.944444444,0.565217391,0.558823529,32,9,22,14
2017,dad59ea6-dd1a-444b-94dc-2c086696c7a7,SAC,0.642857143,0.578125,0.476190476,26,10,17,11
2017,ea8a24a0-ac4e-4372-9d7c-23fff7d17b9e,DEN,0.782608696,0.543859649,0.347826087,27,9,23,-5
2019,00097c83-f15e-458c-82f5-5f9f60346791,MLW,0.6,0.653846154,0.454545455,41,7,7,41
2019,11d81ae2-eaf9-473e-8cbb-35d6655508ac,GS,0.84,0.363636364,0.407407407,23,10,15,-8
2019,962a3edd-b3f1-42c8-b0ed-7fe192b5dda8,OKC,0.705882353,0.571428571,0.404761905,31,5,15,-2
2017,939a1cfc-2884-4c0c-91e9-88ebd8bb5c79,OKC,0.727272727,0.576271186,0.352941176,18,12,19,-10
2019,404ba82e-ba82-427b-8d68-b13291674b36,ORL,0.888888889,0.533333333,0.333333333,34,9,12,4
2018,4499092e-267f-4327-b64d-b4842dfd41fe,MEM,0.826086957,0.561403509,0.25,20,15,14,5
2018,b0d3575a-cb7d-413e-bc88-61002966f98d,ATL,0.842105263,0.440677966,0.363636364,22,12,13,8
2018,582ee6ed-0266-4868-8851-8f4d70a69daa,POR,0.9,0.489795918,0.423076923,16,12,21,7
2017,f85df16a-8c1d-4a78-86fa-2e2966b1b0a6,CHI,0.72,0.519230769,0.413793103,23,10,8,23
2019,775b384b-ce5a-45a0-a19d-4e503395e661,IND,0.833333333,0.485294118,0.380952381,26,10,15,-9
2018,f003783f-7b17-4e1b-bbef-8d56c745404f,CLE,0.875,0.492063492,0.272727273,21,15,12,-7
2018,e84cdb9b-10b3-403b-8883-3ca1db3f5d05,IND,0.685714286,0.491803279,0.4375,28,13,11,15
2017,c23aeb33-82e0-48e6-a432-6482d065bbae,HOU,0.68,0.720930233,0.377777778,30,4,9,7
2018,ea052880-297e-4554-87cb-23ec66b7b7cb,DEN,0.862068966,0.5,0.28125,25,10,16,-8
2017,12f292d8-c483-4aac-8158-cfe8051efcef,TOR,0.571428571,0.446428571,0.444444444,24,13,14,-11
2018,b1d47c86-b2a7-4206-abae-2796c100f07c,HOU,0.78125,0.448979592,0.378378378,12,8,9,6
2018,87b8864b-32d2-45f2-ad48-010eb59ef048,MIN,0.866666667,0.405797101,0.482758621,26,20,14,4
2017,c7229365-35f0-40f5-a36e-42bc0013fdcf,HOU,0.696969697,0.636363636,0.288888889,15,2,9,7
2017,e03ca7a4-5c32-4044-8c5a-bb9178d5c73b,BKN,0.75,0.625,0.4,27,9,22,3
2017,c4316b7a-667d-4c7a-b1f7-58b1524f706a,MLW,0.909090909,0.519230769,0.392857143,26,8,9,12
2017,4da103d1-20d8-4a22-af96-ea899d9462f9,ATL,0.8,0.472727273,0.5,24,5,14,-3
2017,338a7569-4313-4657-b619-6d0b61f8ad8c,LAK,0.708333333,0.589285714,0.130434783,20,9,21,-9
2019,11bb2a74-9023-499f-941e-0d34cf39dbeb,LAC,0.714285714,0.607142857,0.394736842,29,14,11,25
2017,a2d78de1-a29b-410f-a18c-ed827a711e62,BOS,0.952380952,0.409090909,0.483870968,24,11,8,-10
2019,e5f969ad-4fb2-4ca8-8bba-82eacef4a256,PHI,0.8125,0.56,0.424242424,28,13,13,18
2017,7dadf92e-2325-429f-9cab-2ffa2914bf74,LAC,0.833333333,0.596491228,0.37037037,18,7,10,3
2017,3722192d-b5aa-40ad-9935-bd050c458add,DAL,0.7,0.520833333,0.386363636,27,8,7,6
2017,c4e842b4-b311-42f9-9b0f-21980437f24b,MIN,0.733333333,0.573770492,0.413793103,27,7,6,3
2017,529fe917-c28d-41ac-9b3d-1250e4c06031,TOR,0.884615385,0.448275862,0.333333333,18,7,17,16
2017,3a55a021-bb57-4998-b8fc-fca714861c67,HOU,0.684210526,0.511627907,0.377777778,24,6,10,12
2017,38b9ca04-f67c-4de3-92dd-aa72201124a0,DEN,0.862068966,0.435483871,0.413793103,28,16,15,7
2019,2bc22a98-b556-4c12-a139-998211b982ab,LAK,0.833333333,0.565217391,0.45,31,13,19,26
2018,862d443e-3a19-4f9a-a621-4be22c49f414,MLW,0.869565217,0.603448276,0.193548387,17,6,11,9
2017,9207902c-f8ea-42d2-9697-6c6e03dd9286,GS,0.714285714,0.558139535,0.432432432,31,9,14,-4
2019,bf05f84d-4850-46f8-bdcb-9c3f2dbbe395,GS,0.870967742,0.44,0.444444444,36,10,18,-3
2018,393f5ef6-a98a-4fc8-b401-a1ac661aa460,WAS,0.863636364,0.589285714,0.28125,22,9,9,-17
2019,fabefac3-4fd6-41c1-9ea6-5e1159613e07,GS,0.764705882,0.5,0.461538462,28,9,13,-20
2017,4cd0b12d-4d68-49dc-bc19-ff14643dede0,LAC,0.790697674,0.484848485,0.3125,21,12,14,3
2018,eb09f403-15c3-40be-8382-53b1b53cecc5,MLW,0.833333333,0.416666667,0.171428571,18,12,10,-20
2017,d71e96be-a0a7-433b-8276-1c986e2b43f1,HOU,0.666666667,0.477272727,0.405405405,20,8,14,9
2018,021e5593-ed2e-41c2-ae76-cdddbb77a54c,DEN,0.882352941,0.538461538,0.321428571,33,12,11,25
2017,b623c988-9764-4ba3-8842-96a561582d6a,UTA,0.565217391,0.69047619,0.382352941,29,11,22,31
2019,df767506-2dc5-4800-b7fb-9389cb6e8ae3,TOR,0.827586207,0.591836735,0.482758621,28,2,14,4
2018,163d5a32-d256-464b-a824-db641e99a8db,GS,0.730769231,0.673913043,0.361111111,28,7,12,2
2018,67013ff4-97a4-467f-81d8-ed3858a851ba,PHO,0.642857143,0.612903226,0.379310345,29,12,13,-4
2017,18322668-cc3f-491c-97b7-05171c654c23,PHO,1,0.541666667,0.517241379,24,2,19,-5
2018,deb8fc6c-0ea5-481d-9b19-f472b82ca61d,GS,0.85,0.5,0.466666667,31,12,21,17
2018,6ed40a20-181e-428b-8b90-d8272ad3d5bd,UTA,0.705882353,0.52,0.258064516,25,10,17,-33
2018,ff843f7b-9d74-4633-b798-33c947bbdd9d,PHI,0.740740741,0.519230769,0.25,17,17,16,-12
2018,d4b7fdfe-58c7-4737-b337-2faf07fcdb80,MIA,0.588235294,0.5,0.230769231,22,20,9,2
2018,31bb297a-6c9c-48aa-a8f4-771774500fd0,CHI,0.617647059,0.593220339,0.314285714,25,12,9,-25
2019,ad3004e3-8b7d-4ae8-983a-be136ec32d67,DAL,0.708333333,0.5625,0.279069767,23,12,12,-3
2017,81dbb906-de15-44be-955b-c96dfd941588,MEM,0.526315789,0.532258065,0.333333333,27,10,9,-18
2017,07eb6f0d-e994-49b5-bc91-34b673a605cd,TOR,0.904761905,0.457627119,0.475,21,17,6,25
2019,1f4edae9-79ea-4cbe-b428-2f3865edf639,OKC,0.8,0.471698113,0.363636364,21,7,9,8
2018,4e9de069-a5dd-4fc7-97c9-e0fd34b24e52,MEM,0.777777778,0.518518519,0.2,17,9,15,-23
2018,cf2da761-0cf0-4f5c-b61b-4ea2d888f91c,SAC,0.8,0.576923077,0.340909091,33,7,13,-5
2018,710e4e28-9b8d-4440-8599-89dea71e65ef,BOS,0.85,0.462686567,0.341463415,21,13,9,7
2018,84c43546-0bc8-4dac-8432-d8dc020f5dd4,SAC,0.608695652,0.517241379,0.378378378,25,14,18,4
2017,04249ef3-b256-41ea-9629-ca105db8e94a,TOR,0.909090909,0.673076923,0.346153846,29,3,12,23
2018,0717ba63-59bc-4aae-9a66-2513270fd55f,CHA,0.736842105,0.448275862,0.1875,23,12,14,-38
2017,bab1ac6c-8aef-4f6d-97f0-d99f1c4aa1a7,IND,0.80952381,0.537313433,0.347826087,26,10,17,6
2019,04ea83ea-2db7-4391-a235-65ea9595b26f,BKN,0.714285714,0.433962264,0.59375,26,10,20,7
2017,849e29da-d46a-4f42-8721-3bdef7edeca7,CHI,0.866666667,0.5,0.24137931,26,11,9,-6
2018,6642653a-4ba7-4d03-a9aa-1c75fc7534cf,LAK,0.75,0.52173913,0.304347826,26,14,21,-16
2019,4f7af9cb-005d-4a08-ad00-c1e517ad86ab,LAC,0.772727273,0.535211268,0.233333333,20,14,13,-26
2017,1083473c-a6f2-4497-8276-8afab5cf9144,ATL,0.705882353,0.466666667,0.222222222,21,8,11,-19
2019,643302ef-e674-4720-bb5b-73caee59bb61,DAL,0.777777778,0.603174603,0.540540541,31,10,5,42
2019,1c9d723d-b6a8-4453-9c38-2dd718f31c25,CHI,0.785714286,0.547619048,0.216216216,23,8,19,-17
2017,e83ab8dc-3a99-4fca-8ad9-d880b5b54d24,PHO,0.833333333,0.472972973,0.1,12,15,16,-24
2018,9584846a-0be1-416e-be1a-551063cb92cc,DET,0.75,0.433333333,0.305555556,21,15,9,-16
2018,346c6671-5354-4129-9d9d-6beeee7714c6,CHI,0.652173913,0.569230769,0.294117647,20,8,16,-8
2019,e72fa550-b359-4de3-930b-60cde5b070ea,POR,0.8,0.480769231,0.538461538,20,11,12,-8
2018,69099efa-ec69-4023-8a42-afb5ca2529ca,MIN,0.65,0.553846154,0.5,34,10,15,17
2019,1451d1dd-5ea5-4e6a-9e08-f70e2dfac1ff,IND,0.727272727,0.549019608,0.394736842,32,12,19,17
2017,54082039-a303-46c1-afef-59e08f1819c7,CHA,0.714285714,0.617021277,0.428571429,28,6,14,15
2019,45473563-6ab9-48bf-9529-0ea49fc66651,BKN,0.615384615,0.5,0.322580645,21,18,19,-10
2019,8590a1db-1473-4200-b632-82a55a8ae487,IND,0.72,0.553571429,0.461538462,32,9,9,-8
2018,cf65dc54-1344-48df-846a-d1ddeac587e5,WAS,0.888888889,0.573333333,0.361111111,40,17,22,3
2019,e1238adc-a0c3-4793-8b26-cb03a8be6991,MLW,0.8,0.549019608,0.342105263,30,10,11,10
2017,a0f4d4a3-1b28-43d7-a60b-660880e1245a,ATL,0.894736842,0.538461538,0.363636364,20,6,12,-16
2018,b218ee30-9e43-44aa-89f7-6e3bb369491c,MIA,0.708333333,0.510204082,0.483870968,25,10,14,4
2019,228d6ea2-c5a4-4600-bdfb-e996ecb1242a,HOU,0.666666667,0.527272727,0.255813953,20,14,12,2
2019,c951c037-ba65-4dbb-9fc0-c470c0818f0b,MIA,0.833333333,0.509433962,0.368421053,27,10,6,3
2017,bcbc860d-399e-44ac-ad03-9b9e9a44e66e,ATL,0.769230769,0.5,0.392857143,21,8,18,-5
2019,d3f74eb5-2aa5-4954-b760-8a6848112e1d,PHI,0.9,0.568965517,0.4,27,9,11,17
2018,5ae62bb2-d344-483a-ba7f-bf5b0ca1319e,PHO,0.789473684,0.555555556,0.4,31,9,19,4
2018,68258cea-c454-4bc0-9795-e7392dfec6ad,NO,0.6875,0.6,0.212765957,27,13,15,-17
2018,4f373692-a1ac-41bc-8558-f2929ad1159b,GS,0.888888889,0.462962963,0.387096774,23,6,10,17
2018,17158fd8-7f70-45aa-83c4-d27b32ecfc28,MIA,0.6,0.576923077,0.258064516,24,9,6,-4
2017,bb0fb5eb-2519-4dc2-9eb9-bbce33adbafa,SA,0.739130435,0.428571429,0.291666667,19,14,16,-20
2019,f5bf7ae6-6692-4436-90cd-2ad526d14aa7,DAL,0.875,0.571428571,0.386363636,24,10,12,-4
2019,7e82cd71-fb66-4476-b2ff-51bf6620684d,NY,0.724137931,0.507692308,0.130434783,19,14,20,-18
2019,111f8d27-0612-4e44-8d83-23c293d93211,IND,0.782608696,0.492307692,0.32,21,13,11,6
2019,e700d010-5c91-430d-b0a3-02aa1e210bfa,GS,0.76,0.565217391,0.269230769,34,14,15,-8
2017,d5613e99-bcc6-4ed8-aba4-83f0e7639f73,UTA,0.785714286,0.604166667,0.310344828,22,7,18,9
2018,7d86a997-72db-4fee-b81f-b3406955e4da,OKC,0.5,0.52173913,0.4375,33,14,14,6
2019,b4f9d088-fb9e-46e9-b79a-dea75208bedc,NY,0.771428571,0.48,0.347826087,17,19,7,18
2018,fb305329-2386-4b28-9caf-b940da062089,GS,0.777777778,0.58490566,0.318181818,24,8,20,4
2017,ecd5b4a9-ad22-42cf-9a4c-ff17a128ae4b,SAC,0.8125,0.433333333,0.272727273,13,11,17,-27
2019,31ea7814-9ae0-475e-914e-83bbc69dc509,SAC,0.851851852,0.44,0.405405405,17,13,17,-10
2018,86af8e21-7811-43a5-b55e-bb5f1ce1e407,MEM,0.857142857,0.589285714,0.344827586,27,11,13,-8
2018,c49470c2-8a90-492d-8b39-c13abeb2a394,UTA,0.8,0.697674419,0.382352941,29,8,16,8
2017,0e04a7f9-f10c-4f08-a4c4-e73e3b6870af,BOS,0.619047619,0.620689655,0.346153846,28,11,14,16
2018,40705d99-ad24-4a47-a691-e51c7cb38526,DET,0.7,0.43902439,0.404761905,21,7,14,-10
2017,94c320d4-5d7c-4880-a67c-4d5f03e1f5cf,DAL,0.833333333,0.489361702,0.294117647,18,5,15,-6
2019,991ebf41-67ee-4cc4-87f4-07bd8c2dd9ad,DAL,0.764705882,0.5625,0.382978723,30,13,10,25
2017,5395bdf6-9014-465d-9405-ec023f6a1487,UTA,0.666666667,0.619047619,0.322580645,23,6,15,14
2019,0803cbfd-a204-42dd-bdc9-4983a1511fdb,OKC,0.8,0.527272727,0.346153846,21,5,12,6
2018,be76bb6b-3825-4889-8e0d-0a73fc88ef85,HOU,0.71875,0.592592593,0.425531915,18,8,15,12
2017,1760f8e8-17dc-4b6b-9f1d-ca2e32eeb09f,ORL,0.538461538,0.464788732,0.391304348,27,12,8,-37
2017,d75eaf98-0b84-4650-ae97-ea5ad6636bb9,MEM,0.833333333,0.590163934,0.5,29,12,20,11
2018,dc50623d-1177-4218-b1f9-7e21b0d369f6,ORL,0.777777778,0.555555556,0.358974359,30,4,8,4
2018,ca0aa591-01a2-4996-92c1-24e624a88462,POR,0.777777778,0.513157895,0.311111111,35,16,3,4
2019,63b374df-9654-454b-bd79-b2b965e1868d,MEM,0.842105263,0.611111111,0.351351351,29,7,7,11
2019,ab29986b-4572-493a-b9f8-3620e4b884a7,MIA,0.807692308,0.488372093,0.34375,18,7,11,-6
2019,b4b173a9-8f4f-4cf9-9fc9-50bd7b3dcc4c,HOU,0.875,0.71875,0.25,25,1,17,-38
2018,aa9bf8c0-ed6d-4dbc-93b9-93f16c46c1ca,NY,1,0.545454545,0.290322581,21,8,17,-14
2017,e6128a12-6bda-41e5-b753-8311a55eefc3,WAS,0.931034483,0.421875,0.28,27,7,12,6
2017,d2a0e393-4016-4e42-9bc2-3a5b79a2c219,SAC,0.666666667,0.617021277,0.419354839,27,6,18,-3
2017,3d5803f4-da93-4009-9877-af3b3f993cb3,LAK,0.72,0.597014925,0.296296296,33,15,18,-2
2019,77cdfae4-0e6c-4d68-a2cf-8e204b6af209,MEM,0.631578947,0.568965517,0.321428571,26,13,20,-9
2019,3224de28-1af3-47b7-9164-93c28f7ff14f,DEN,0.9,0.507692308,0.392857143,28,11,14,7
2017,f4dbe4c5-05d4-4212-ac5d-424df5a000bf,MLW,0.8,0.493150685,0.25,21,12,8,-8
2019,4d995190-2635-4fc1-947e-058f7b56d73c,CHI,0.833333333,0.481481481,0.451612903,21,12,17,3
2017,014d9ed4-c09c-4740-b42c-08534016bf83,MEM,0.8,0.508474576,0.518518519,29,6,12,-7
2017,41ffb988-9709-4381-9b78-489e66443825,IND,0.666666667,0.393442623,0.535714286,22,13,10,7
2019,3aea0276-fbd9-4d44-964a-ea45be954185,CLE,0.9375,0.518518519,0.451612903,29,11,16,-2
2018,ace952e2-23c8-4024-9b32-8afa162bc352,PHO,0.806451613,0.492753623,0.318181818,22,17,13,9
2019,3810d15b-4dd2-4045-baa6-ea3ed6d6577d,BKN,0.857142857,0.509090909,0.441176471,28,10,17,22
2017,16a35f4a-fe59-4ec2-a915-fbd20510082f,HOU,0.772727273,0.489361702,0.382978723,30,9,7,15
2017,ce5e6047-d720-4ee4-8d7d-9f906ddc1a1d,LAC,0.7,0.682926829,0.344827586,23,10,19,-19
2018,5d7a08f8-3aa9-427d-8269-58c45ab93df8,TOR,0.685714286,0.470588235,0.4,25,12,16,15
2019,a70e6a24-e28c-455c-8379-84f96cc2b296,UTA,0.860465116,0.523809524,0.384615385,16,5,19,-20
2018,ae118058-3bab-4957-869b-9d3f4e4bceaf,TOR,0.8125,0.40625,0.466666667,24,14,9,3
2018,3fe87aa3-dae3-4a52-9f4a-577ba8cdacb1,HOU,0.794117647,0.551724138,0.468085106,28,4,15,12
2018,56e1dffb-b035-4928-bd05-be41d9d81829,DET,0.789473684,0.433333333,0.272727273,21,22,10,-10
2017,4c068ab5-db2a-427a-96ea-bf74e2c84035,SA,0.826086957,0.476923077,0.473684211,24,11,12,36
2017,50401fbe-fe05-4577-94a3-117b6ee0c85e,IND,0.846153846,0.509433962,0.576923077,25,8,14,12
2017,60d94a97-1b3c-434b-bb21-9b2a4d7fded8,SAC,0.916666667,0.509090909,0.375,21,5,23,8
2018,1f3e44a0-aa34-4762-aea4-7153ab14726f,PHI,0.738095238,0.564516129,0.272727273,24,13,19,5
2017,91b19e0a-3790-41c7-89e2-3b74e4cd6589,BKN,0.75,0.553191489,0.459459459,27,4,12,11
2017,dfcc7b7c-aa1d-49d1-8fe1-fe5cc120772c,IND,0.8,0.492063492,0.5,21,9,16,25
2019,52d88264-18ce-4931-a6e0-ee73cdeef4db,CLE,0.666666667,0.5,0.414634146,28,11,6,-13
2018,892082bb-f862-439f-949b-6604d43ce62d,GS,0.7,0.543859649,0.5,39,12,17,10
2019,00e64e10-0d2c-4a51-a1f2-cdc999640122,MLW,0.666666667,0.561403509,0.324324324,19,9,14,11
2018,797ec79c-3fa2-4c12-9aa1-fc4efc0d1278,CHI,0.8,0.46875,0.32,22,7,8,-20
2019,a6e3fdff-87d9-4b41-a998-0da53d414922,GS,0.882352941,0.441860465,0.323529412,23,6,15,-12
2018,d62c92ed-4e98-44af-85e8-b4d71e815492,MIN,0.722222222,0.376811594,0.23255814,19,17,7,-30
2017,e5971552-5c26-4c74-8de3-432623c34287,OKC,0.85,0.459016393,0.25,24,15,16,-14
2018,37e94662-b607-4220-8080-9eaa4cabb0e7,IND,0.724137931,0.50877193,0.285714286,26,8,10,5
2018,2c2ad423-45c9-4bb6-bf08-c4721cf52292,BOS,0.714285714,0.516666667,0.297297297,21,12,14,18
2017,b7289ecd-f68c-4104-8881-f21ec1f93a2e,ORL,0.888888889,0.435483871,0.206896552,18,10,13,-16
2019,b371d108-5e6f-4773-995b-8b2087285f20,MIA,0.684210526,0.534482759,0.325,29,13,13,22
2018,33e4f727-b9a4-4604-b059-1c940bb3320e,DEN,0.583333333,0.648148148,0.363636364,41,8,14,28
2017,e6347102-563e-4068-a77a-4ce0b2385653,UTA,0.857142857,0.549019608,0.322580645,24,5,11,3
2018,b9631c78-dad1-4f89-82d8-2a5ceb378461,ORL,0.916666667,0.540983607,0.291666667,21,9,13,2
2019,69def67d-941b-44c5-8d5a-a49c7f2c1c2c,POR,0.888888889,0.532258065,0.137931034,17,8,11,-8
2018,a22e9182-a27b-4bcd-a30f-09383b188fd7,BOS,0.764705882,0.525423729,0.481481481,27,7,14,2
2018,e056a122-b0ac-487f-9867-530a68eb16de,MLW,0.909090909,0.508474576,0.375,21,8,14,10
2019,8bfeb2f1-ece4-4aaf-a73a-06773e9cafb1,BKN,0.551724138,0.607843137,0.384615385,25,7,24,22
2018,43e1055e-1853-4769-b926-b5d6c78fce38,SA,0.888888889,0.476923077,0.538461538,27,8,11,9
2017,6d4eceaa-cc6a-48dc-92a4-54c199d7c38e,BOS,0.708333333,0.547169811,0.275862069,18,10,16,1
